{"name": "titanic_server_2","entityType": "Participant","datasourceName": "TITANIC_NEWCOMERS_WORKSHOP","variables": [{"name": "Survived","entityType": "Participant","valueType": "decimal","mimeType": "","isRepeatable": false,"occurrenceGroup": "","attributes": [{"name": "label","value": "Survived Binary Status (0= Didn't)","locale": "en"}],"categories": [{"name": "0","isMissing": false,"attributes": [{"name": "label","value": "Did not survive","locale": "en"}]},{"name": "1","isMissing": false,"attributes": [{"name": "label","value": "Did survive","locale": "en"}]}],"unit": "","index": 0,"referencedEntityType": ""},{"name": "Pclass","entityType": "Participant","valueType": "decimal","mimeType": "","isRepeatable": false,"occurrenceGroup": "","attributes": [{"name": "label","value": "Ticket Class (1st/2nd/3rd)","locale": "en"}],"categories": [{"name": "1","isMissing": false,"attributes": [{"name": "label","value": "First Class","locale": "en"}]},{"name": "2","isMissing": false,"attributes": [{"name": "label","value": "Second Class","locale": "en"}]},{"name": "3","isMissing": false,"attributes": [{"name": "label","value": "Third Class","locale": "en"}]}],"unit": "","index": 0,"referencedEntityType": ""},{"name": "Name","entityType": "Participant","valueType": "text","mimeType": "","isRepeatable": false,"occurrenceGroup": "","attributes": [{"name": "label","value": "Name","locale": "en"}],"unit": "","index": 0,"referencedEntityType": ""},{"name": "Sex","entityType": "Participant","valueType": "text","mimeType": "","isRepeatable": false,"occurrenceGroup": "","attributes": [{"name": "label","value": "Sex","locale": "en"}],"unit": "","index": 0,"referencedEntityType": ""},{"name": "Age","entityType": "Participant","valueType": "decimal","mimeType": "","isRepeatable": false,"occurrenceGroup": "","attributes": [{"name": "label","value": "Age in Years","locale": "en"}],"unit": "","index": 0,"referencedEntityType": ""},{"name": "SibSp","entityType": "Participant","valueType": "decimal","mimeType": "","isRepeatable": false,"occurrenceGroup": "","attributes": [{"name": "label","value": "Number of siblings and or spouses onboard Titanic","locale": "en"}],"unit": "","index": 0,"referencedEntityType": ""},{"name": "Parch","entityType": "Participant","valueType": "decimal","mimeType": "","isRepeatable": false,"occurrenceGroup": "","attributes": [{"name": "label","value": "Number of parents and or children onboard Titanic","locale": "en"}],"unit": "","index": 0,"referencedEntityType": ""},{"name": "Ticket","entityType": "Participant","valueType": "text","mimeType": "","isRepeatable": false,"occurrenceGroup": "","attributes": [{"name": "label","value": "Ticket Number","locale": "en"}],"unit": "","index": 0,"referencedEntityType": ""},{"name": "Fare","entityType": "Participant","valueType": "decimal","mimeType": "","isRepeatable": false,"occurrenceGroup": "","attributes": [{"name": "label","value": "Passenger Fare","locale": "en"}],"unit": "","index": 0,"referencedEntityType": ""},{"name": "Cabin","entityType": "Participant","valueType": "text","mimeType": "","isRepeatable": false,"occurrenceGroup": "","attributes": [{"name": "label","value": "Cabin Number","locale": "en"}],"unit": "","index": 0,"referencedEntityType": ""},{"name": "Embarked","entityType": "Participant","valueType": "text","mimeType": "","isRepeatable": false,"occurrenceGroup": "","attributes": [{"name": "label","value": "Port of Embarkation (S=Southampton/C=Cherbourg/Q=Queenstown)","locale": "en"}],"categories": [{"name": "S","isMissing": false,"attributes": [{"name": "label","value": "Embarked at Southampton","locale": "en"}]},{"name": "C","isMissing": false,"attributes": [{"name": "label","value": "Embarked at Cherbourg","locale": "en"}]},{"name": "Q","isMissing": false,"attributes": [{"name": "label","value": "Embarked at Queenstown (Cork)","locale": "en"}]}],"unit": "","index": 0,"referencedEntityType": ""}],"timestamps": {"created": "2021-09-28T14:40:45.594Z","lastUpdate": "2021-09-28T14:41:01.759Z"}}