{"name": "Cohort1_exposome","entityType": "Participant","datasourceName": "GREENSPACE","variables": [{"name": "CODE","entityType": "Participant","valueType": "text","isRepeatable": false,"index": 2},{"name": "greenyn300_0","entityType": "Participant","valueType": "text","isRepeatable": false,"attributes": [{"name": "levels","value": "No"},{"name": "class","value": "factor"}],"index": 3},{"name": "greenyn300_s","entityType": "Participant","valueType": "text","isRepeatable": false,"attributes": [{"name": "levels","value": "No"},{"name": "class","value": "factor"}],"index": 4},{"name": "greenyn300_4","entityType": "Participant","valueType": "text","isRepeatable": false,"attributes": [{"name": "levels","value": "No"},{"name": "class","value": "factor"}],"index": 5},{"name": "ndvi100_0","entityType": "Participant","valueType": "decimal","isRepeatable": false,"index": 6},{"name": "ndvi100_s","entityType": "Participant","valueType": "decimal","isRepeatable": false,"index": 7},{"name": "ndvi100_4","entityType": "Participant","valueType": "decimal","isRepeatable": false,"index": 8}],"timestamps": {"created": "2021-01-26T16:59:40.102Z","lastUpdate": "2021-01-26T16:59:42.594Z"}}