{"name": "Cohort1_exposome","entityType": "Participant","datasourceName": "GREENSPACE","variables": [{"name": "CODE","entityType": "Participant","valueType": "text","isRepeatable": false,"index": 2},{"name": "h_greenyn300_preg_None","entityType": "Participant","valueType": "text","isRepeatable": false,"attributes": [{"name": "levels","value": "No"},{"name": "class","value": "factor"}],"index": 3},{"name": "hs_greenyn300_s_None","entityType": "Participant","valueType": "text","isRepeatable": false,"attributes": [{"name": "levels","value": "No"},{"name": "class","value": "factor"}],"index": 4},{"name": "hs_greenyn300_h_None","entityType": "Participant","valueType": "text","isRepeatable": false,"attributes": [{"name": "levels","value": "No"},{"name": "class","value": "factor"}],"index": 5},{"name": "h_ndvi100_preg_None","entityType": "Participant","valueType": "decimal","isRepeatable": false,"index": 6},{"name": "hs_ndvi100_h_None","entityType": "Participant","valueType": "decimal","isRepeatable": false,"index": 7},{"name": "hs_ndvi100_s_None","entityType": "Participant","valueType": "decimal","isRepeatable": false,"index": 8}],"timestamps": {"created": "2021-01-23T17:10:22.736Z","lastUpdate": "2021-01-23T17:10:25.212Z"}}