{"name": "UPBdata2","entityType": "Participant","datasourceName": "MEDIATION","variables": [{"name": "att","entityType": "Participant","valueType": "decimal","mimeType": "","isRepeatable": false,"occurrenceGroup": "","attributes": [{"name": "label","value": "self-reported anxious attachment level (standardized)","locale": "en"}],"unit": "","index": 1,"referencedEntityType": ""},{"name": "attbin","entityType": "Participant","valueType": "decimal","mimeType": "","isRepeatable": false,"occurrenceGroup": "","attributes": [{"name": "label","value": "binary version of self-reported anxious attachment level: 1 = higher than sample mean, 0 = lower than sample mean","locale": "en"}],"unit": "","index": 2,"referencedEntityType": ""},{"name": "attcat","entityType": "Participant","valueType": "text","mimeType": "","isRepeatable": false,"occurrenceGroup": "","attributes": [{"name": "label","value": "multicategorical version of self-reported anxious attachment level: L = low, M = intermediate, H = high","locale": "en"}],"categories": [{"name": "L","isMissing": false,"attributes": [{"name": "label","value": "Low","locale": "en"}]},{"name": "M","isMissing": false,"attributes": [{"name": "label","value": "Middle","locale": "en"}]},{"name": "H","isMissing": false,"attributes": [{"name": "label","value": "High","locale": "en"}]}],"unit": "","index": 3,"referencedEntityType": ""},{"name": "negaff","entityType": "Participant","valueType": "decimal","mimeType": "","isRepeatable": false,"occurrenceGroup": "","attributes": [{"name": "label","value": "level of self-reported experienced negative affectivity (standardized)","locale": "en"}],"unit": "","index": 4,"referencedEntityType": ""},{"name": "initiator","entityType": "Participant","valueType": "text","mimeType": "","isRepeatable": false,"occurrenceGroup": "","attributes": [{"name": "label","value": "initiator of the divorce","locale": "en"}],"categories": [{"name": "both","isMissing": false,"attributes": [{"name": "label","value": "both","locale": "en"}]},{"name": "ex-partner","isMissing": false,"attributes": [{"name": "label","value": "ex-partner","locale": "en"}]},{"name": "myself","isMissing": false,"attributes": [{"name": "label","value": "myself","locale": "en"}]}],"unit": "","index": 5,"referencedEntityType": ""},{"name": "gender","entityType": "Participant","valueType": "text","mimeType": "","isRepeatable": false,"occurrenceGroup": "","attributes": [{"name": "label","value": "gender: F = female, M = male","locale": "en"}],"categories": [{"name": "F","isMissing": false,"attributes": [{"name": "label","value": "female","locale": "en"}]},{"name": "M","isMissing": false,"attributes": [{"name": "label","value": "male","locale": "en"}]}],"unit": "","index": 6,"referencedEntityType": ""},{"name": "educ","entityType": "Participant","valueType": "text","mimeType": "","isRepeatable": false,"occurrenceGroup": "","attributes": [{"name": "label","value": "education level: either H = high (at least a bachelor's degree), M = intermediate (having finished secondary school) or L = low (otherwise)","locale": "en"}],"categories": [{"name": "H","isMissing": false,"attributes": [{"name": "label","value": "High","locale": "en"}]},{"name": "M","isMissing": false,"attributes": [{"name": "label","value": "Middle","locale": "en"}]},{"name": "L","isMissing": false,"attributes": [{"name": "label","value": "Low","locale": "en"}]}],"unit": "","index": 7,"referencedEntityType": ""},{"name": "age","entityType": "Participant","valueType": "integer","mimeType": "","isRepeatable": false,"occurrenceGroup": "","attributes": [{"name": "label","value": "age (in years)","locale": "en"}],"unit": "","index": 8,"referencedEntityType": ""},{"name": "UPB","entityType": "Participant","valueType": "integer","mimeType": "","isRepeatable": false,"occurrenceGroup": "","attributes": [{"name": "label","value": "binary variable indicating whether the individual reported having displayed unwanted pursuit behavior(s) towards the ex-partner","locale": "en"}],"unit": "","index": 9,"referencedEntityType": ""}],"timestamps": {"created": "2022-05-09T07:10:22.243Z","lastUpdate": "2022-05-09T07:11:44.192Z"},"status": "READY"}