{"name": "growth_1","entityType": "Participant","datasourceName": "depression","variables": [{"name": "grp","entityType": "Participant","valueType": "integer","mimeType": "","isRepeatable": false,"occurrenceGroup": "","categories": [{"name": "0","isMissing": false},{"name": "1","isMissing": false}],"unit": "","index": 0,"referencedEntityType": ""},{"name": "sex","entityType": "Participant","valueType": "integer","mimeType": "","isRepeatable": false,"occurrenceGroup": "","categories": [{"name": "0","isMissing": false},{"name": "1","isMissing": false}],"unit": "","index": 1,"referencedEntityType": ""},{"name": "age","entityType": "Participant","valueType": "decimal","isRepeatable": false,"index": 2},{"name": "hads_2","entityType": "Participant","valueType": "integer","mimeType": "","isRepeatable": false,"occurrenceGroup": "","categories": [{"name": "0","isMissing": false},{"name": "1","isMissing": false},{"name": "2","isMissing": false},{"name": "3","isMissing": false}],"unit": "","index": 3,"referencedEntityType": ""},{"name": "hads_4","entityType": "Participant","valueType": "integer","mimeType": "","isRepeatable": false,"occurrenceGroup": "","categories": [{"name": "0","isMissing": false},{"name": "1","isMissing": false},{"name": "2","isMissing": false},{"name": "3","isMissing": false}],"unit": "","index": 4,"referencedEntityType": ""},{"name": "hads_6","entityType": "Participant","valueType": "integer","mimeType": "","isRepeatable": false,"occurrenceGroup": "","categories": [{"name": "0","isMissing": false},{"name": "1","isMissing": false},{"name": "2","isMissing": false},{"name": "3","isMissing": false}],"unit": "","index": 5,"referencedEntityType": ""},{"name": "hads_8","entityType": "Participant","valueType": "integer","mimeType": "","isRepeatable": false,"occurrenceGroup": "","categories": [{"name": "0","isMissing": false},{"name": "1","isMissing": false},{"name": "2","isMissing": false},{"name": "3","isMissing": false}],"unit": "","index": 6,"referencedEntityType": ""},{"name": "hads_10","entityType": "Participant","valueType": "integer","mimeType": "","isRepeatable": false,"occurrenceGroup": "","categories": [{"name": "0","isMissing": false},{"name": "1","isMissing": false},{"name": "2","isMissing": false},{"name": "3","isMissing": false}],"unit": "","index": 7,"referencedEntityType": ""},{"name": "hads_12","entityType": "Participant","valueType": "integer","mimeType": "","isRepeatable": false,"occurrenceGroup": "","categories": [{"name": "0","isMissing": false},{"name": "1","isMissing": false},{"name": "2","isMissing": false},{"name": "3","isMissing": false}],"unit": "","index": 8,"referencedEntityType": ""},{"name": "hads_14","entityType": "Participant","valueType": "integer","mimeType": "","isRepeatable": false,"occurrenceGroup": "","categories": [{"name": "0","isMissing": false},{"name": "1","isMissing": false},{"name": "2","isMissing": false},{"name": "3","isMissing": false}],"unit": "","index": 9,"referencedEntityType": ""},{"name": "ID","entityType": "Participant","valueType": "integer","mimeType": "","isRepeatable": false,"occurrenceGroup": "","unit": "","index": -1,"referencedEntityType": ""},{"name": "time","entityType": "Participant","valueType": "decimal","isRepeatable": false,"index": 11},{"name": "time_entry","entityType": "Participant","valueType": "decimal","isRepeatable": false,"index": 12},{"name": "total","entityType": "Participant","valueType": "decimal","isRepeatable": false,"index": 13},{"name": "hads_total","entityType": "Participant","valueType": "decimal","isRepeatable": false,"index": 14}],"timestamps": {"created": "2025-05-08T16:53:06.639Z","lastUpdate": "2025-05-08T16:54:14.426Z"},"status": "READY"}