{"id":"0b88e661-c894-4604-9200-0aea1c028850","name":[{"lang":"en","value":"CPTP DataSchema"}],"description":[{"lang":"en","value":"<div class=\"row-fluid\">\r\n<div class=\"span9\">\r\n<dl>\r\n\t<dt>Objectives<\/dt>\r\n\t<dd>\r\n\t<p>The CPT DataSchema is aimed at supporting the harmonization of the five population-based cohorts that together compose the Canadian Partnership for Tomorrow (CPT) Project. The CPT DataSchema was developed for prospective harmonization and for generic purpose cohort with particular interest for cancer and chronic diseases. The targeted population is middle-aged participants. The contents of the CPT DataSchema were chosen so as to provide a minimal dataset for the baseline study phase that encompasses those domains that are of shared interest to all five provincial\/regional cohorts.<\/p>\r\n\t<\/dd>\r\n\t<dt>Population Targeted<\/dt>\r\n\t<dd>\r\n\t<p>Middle-aged participants<\/p>\r\n\t<\/dd>\r\n\t<dt>Criteria used in the selection of DataSchema variables<\/dt>\r\n\t<dd>\r\n\t<ul>\r\n\t\t<li>The variable is of interest to all or most cohorts in the CPT project;<\/li>\r\n\t\t<li>The variable is of substantial relevance to genomic or public health research, particularly in the field of cancer: a variable may be selected because it is of direct relevance in its own right, is a qualifying variable that influences interpretation of other variables of direct interest, is seen as being a potentially important confounder or is a source of bias;<\/li>\r\n\t\t<li>The variable may potentially be used in a wide range of research settings;<\/li>\r\n\t\t<li>Where relevant, each identified level of response in a categorical variable is of high enough prevalence to ensure that sufficient power can realistically be obtained for meaningful analysis;<\/li>\r\n\t\t<li>The assessment items required to generate the variable can be obtained in a valid way and can reliably be assessed;<\/li>\r\n\t<\/ul>\r\n\t<\/dd>\r\n<\/dl>\r\n<\/div>\r\n\r\n<div class=\"span3\">\r\n<dl>\r\n\t<dt>Status<\/dt>\r\n\t<dd>\r\n\t<p>Active<\/p>\r\n\t<\/dd>\r\n<\/dl>\r\n<\/div>\r\n<\/div>\r\n"}],"entityType":"Participant","published":false,"obiba.mica.HarmonizationDatasetDto.type":{"project":"mica","table":"CPTP DataSchema","studyTables":[{"studyId":"9e8f92dd-09cf-460d-a35e-d2ca675114df","populationId":"novalue","dataCollectionEventId":"novalue","project":"TTP","table":"CPTP DataSchema"}]}}