{"name": "ega_phenotypes","entityType": "Participant","datasourceName": "GWAS","variables": [{"name": "age_cancer_diagnosis","entityType": "Participant","valueType": "decimal","mimeType": "","isRepeatable": false,"occurrenceGroup": "","attributes": [{"name": "label","value": "Age at cancer diagnosis","locale": "en"}],"unit": "years","index": 0,"referencedEntityType": ""},{"name": "age_recruitment","entityType": "Participant","valueType": "decimal","mimeType": "","isRepeatable": false,"occurrenceGroup": "","attributes": [{"name": "label","value": "Age at recruitment","locale": "en"}],"unit": "years","index": 1,"referencedEntityType": ""},{"name": "alcohol_day","entityType": "Participant","valueType": "text","mimeType": "","isRepeatable": false,"occurrenceGroup": "","attributes": [{"name": "label","value": "Amount of alcohol drunk on a typical dinking day","locale": "en"}],"categories": [{"name": "Prefer_not_to_answer","isMissing": true},{"name": "10_or_more","isMissing": false},{"name": "5_or_6","isMissing": false},{"name": "7_8_or_9","isMissing": false},{"name": "3_or_4","isMissing": false},{"name": "1_or_2","isMissing": false}],"unit": "","index": 2,"referencedEntityType": ""},{"name": "basophill_count","entityType": "Participant","valueType": "decimal","mimeType": "","isRepeatable": false,"occurrenceGroup": "","attributes": [{"name": "label","value": "Basophill count","locale": "en"}],"unit": "","index": 3,"referencedEntityType": ""},{"name": "behaviour_tumour","entityType": "Participant","valueType": "text","mimeType": "","isRepeatable": false,"occurrenceGroup": "","attributes": [{"name": "label","value": "Behaviour of cancer tumour","locale": "en"}],"categories": [{"name": "Malignant_uncertain_whether_primary_or_metastatic_site","isMissing": false},{"name": "Malignant_microinvasive","isMissing": false},{"name": "Malignant_primary_site","isMissing": false},{"name": "Malignant_metastatic_site","isMissing": false},{"name": "Carcinoma_in_situ","isMissing": false},{"name": "Uncertain_whether_benign_or_malignant","isMissing": false},{"name": "Benign","isMissing": false}],"unit": "","index": 4,"referencedEntityType": ""},{"name": "bmi","entityType": "Participant","valueType": "decimal","mimeType": "","isRepeatable": false,"occurrenceGroup": "","attributes": [{"name": "label","value": "Body mass index","locale": "en"}],"unit": "kg/m^2","index": 5,"referencedEntityType": ""},{"name": "c_reactive_protein_reportability","entityType": "Participant","valueType": "text","mimeType": "","isRepeatable": false,"occurrenceGroup": "","attributes": [{"name": "label","value": "C-reactive protein reportability","locale": "en"}],"categories": [{"name": "Reportable_at_assay_but_not_reportable_after_any_corrections_too_high_","isMissing": false},{"name": "Reportable_at_assay_and_after_aliquot_correction_if_attempted","isMissing": false},{"name": "Reportable_at_assay_but_not_reportable_after_any_corrections_too_low_","isMissing": false},{"name": "Not_reportable_at_assay_too_low_","isMissing": false},{"name": "Not_reportable_at_assay_too_high_","isMissing": false}],"unit": "","index": 6,"referencedEntityType": ""},{"name": "record_origin","entityType": "Participant","valueType": "text","mimeType": "","isRepeatable": false,"occurrenceGroup": "","attributes": [{"name": "label","value": "Cancer record origin","locale": "en"}],"categories": [{"name": "National_Cancer_Intelligence_Network","isMissing": false},{"name": "Scottish_Morbidity_Records","isMissing": false},{"name": "Originating_from_England_Wales","isMissing": false},{"name": "Patient_Episode_Database_for_Wales","isMissing": false},{"name": "Originating_from_Scotland","isMissing": false},{"name": "Hospital_Episode_Statistics_from_England","isMissing": false}],"unit": "","index": 7,"referencedEntityType": ""},{"name": "report_format","entityType": "Participant","valueType": "text","mimeType": "","isRepeatable": false,"occurrenceGroup": "","attributes": [{"name": "label","value": "Cancer report format","locale": "en"}],"categories": [{"name": "National_Cancer_Intelligence_Network_NCIN_Cancer_Data","isMissing": false},{"name": "NHS_Information_Centre_Cancer_Registry_2016_onwards","isMissing": false},{"name": "NHS_Information_Centre_Cancer_Registry_2012_onwards","isMissing": false},{"name": "Scottish_Cancer_Registry_fixed_width_format_2012_onwards","isMissing": false}],"unit": "","index": 8,"referencedEntityType": ""},{"name": "cholesterol","entityType": "Participant","valueType": "decimal","mimeType": "","isRepeatable": false,"occurrenceGroup": "","attributes": [{"name": "label","value": "Cholesterol","locale": "en"}],"unit": "mmol/L","index": 9,"referencedEntityType": ""},{"name": "birth_country","entityType": "Participant","valueType": "text","mimeType": "","isRepeatable": false,"occurrenceGroup": "","attributes": [{"name": "label","value": "Country of birth","locale": "en"}],"categories": [{"name": "Republic_of_Ireland","isMissing": false},{"name": "Do_not_know","isMissing": true},{"name": "Scotland","isMissing": false},{"name": "Wales","isMissing": false},{"name": "England","isMissing": false},{"name": "Elsewhere","isMissing": false},{"name": "Prefer_not_to_answer","isMissing": true},{"name": "Northern_Ireland","isMissing": false}],"unit": "","index": 10,"referencedEntityType": ""},{"name": "actual_tobacco_smoker","entityType": "Participant","valueType": "text","mimeType": "","isRepeatable": false,"occurrenceGroup": "","attributes": [{"name": "label","value": "Current tobacco smoking","locale": "en"}],"categories": [{"name": "Prefer_not_to_answer","isMissing": true},{"name": "No","isMissing": false},{"name": "Yes_on_most_or_all_days","isMissing": false},{"name": "Only_occasionally","isMissing": false}],"unit": "","index": 11,"referencedEntityType": ""},{"name": "date_diagnosis","entityType": "Participant","valueType": "date","mimeType": "","isRepeatable": false,"occurrenceGroup": "","attributes": [{"name": "label","value": "Date of cancer diagnosis","locale": "en"},{"name": "class","value": "Date"}],"unit": "","index": 12,"referencedEntityType": ""},{"name": "diabetes_diagnosed_doctor","entityType": "Participant","valueType": "text","mimeType": "","isRepeatable": false,"occurrenceGroup": "","attributes": [{"name": "label","value": "Diabetes diagnosed by doctor","locale": "en"}],"categories": [{"name": "No","isMissing": false},{"name": "Yes","isMissing": false},{"name": "Do_not_know","isMissing": true},{"name": "Prefer_not_to_answer","isMissing": true}],"unit": "","index": 13,"referencedEntityType": ""},{"name": "diastolic_blood_pressure","entityType": "Participant","valueType": "decimal","mimeType": "","isRepeatable": false,"occurrenceGroup": "","attributes": [{"name": "label","value": "Diastolic blood pressure, automated reading","locale": "en"}],"unit": "mmHg","index": 14,"referencedEntityType": ""},{"name": "duration_moderate_activity","entityType": "Participant","valueType": "decimal","mimeType": "","isRepeatable": false,"occurrenceGroup": "","attributes": [{"name": "label","value": "Duration of moderate activity","locale": "en"}],"unit": "","index": 15,"referencedEntityType": ""},{"name": "duration_vigorous_activity","entityType": "Participant","valueType": "decimal","mimeType": "","isRepeatable": false,"occurrenceGroup": "","attributes": [{"name": "label","value": "Duration of vigorous activity","locale": "en"}],"unit": "","index": 16,"referencedEntityType": ""},{"name": "energy","entityType": "Participant","valueType": "decimal","mimeType": "","isRepeatable": false,"occurrenceGroup": "","attributes": [{"name": "label","value": "Energy","locale": "en"}],"unit": "","index": 17,"referencedEntityType": ""},{"name": "eosinophill_count","entityType": "Participant","valueType": "decimal","mimeType": "","isRepeatable": false,"occurrenceGroup": "","attributes": [{"name": "label","value": "Eosinophill count","locale": "en"}],"unit": "","index": 18,"referencedEntityType": ""},{"name": "ethnicity","entityType": "Participant","valueType": "text","mimeType": "","isRepeatable": false,"occurrenceGroup": "","attributes": [{"name": "label","value": "Ethnic background","locale": "en"}],"categories": [{"name": "Indian","isMissing": false},{"name": "Any_other_white_background","isMissing": false},{"name": "White_and_Black_African","isMissing": false},{"name": "Caribbean","isMissing": false},{"name": "Do_not_know","isMissing": true},{"name": "White","isMissing": false},{"name": "Irish","isMissing": false},{"name": "Asian_or_Asian_British","isMissing": false},{"name": "Any_other_Asian_background","isMissing": false},{"name": "Black_or_Black_British","isMissing": false},{"name": "Bangladeshi","isMissing": false},{"name": "British","isMissing": false},{"name": "Mixed","isMissing": false},{"name": "Any_other_mixed_background","isMissing": false},{"name": "Prefer_not_to_answer","isMissing": false},{"name": "African","isMissing": false},{"name": "Pakistani","isMissing": false},{"name": "White_and_Asian","isMissing": false},{"name": "White_and_Black_Caribbean","isMissing": false},{"name": "Chinese","isMissing": false},{"name": "Any_other_Black_background","isMissing": false},{"name": "Other_ethnic_group","isMissing": false}],"unit": "","index": 19,"referencedEntityType": ""},{"name": "ever_smoked","entityType": "Participant","valueType": "text","mimeType": "","isRepeatable": false,"occurrenceGroup": "","attributes": [{"name": "label","value": "Ever smoked","locale": "en"}],"categories": [{"name": "Yes","isMissing": false},{"name": "No","isMissing": false}],"unit": "","index": 20,"referencedEntityType": ""},{"name": "fasting_time","entityType": "Participant","valueType": "decimal","mimeType": "","isRepeatable": false,"occurrenceGroup": "","attributes": [{"name": "label","value": "Fasting time","locale": "en"}],"unit": "hours","index": 21,"referencedEntityType": ""},{"name": "alcohol_frequency","entityType": "Participant","valueType": "text","mimeType": "","isRepeatable": false,"occurrenceGroup": "","attributes": [{"name": "label","value": "Frequency of drinking alcohol","locale": "en"}],"categories": [{"name": "2_to_4_times_a_month","isMissing": false},{"name": "4_or_more_times_a_week","isMissing": false},{"name": "Prefer_not_to_answer","isMissing": true},{"name": "Never","isMissing": false},{"name": "Monthly_or_less","isMissing": false},{"name": "2_to_3_times_a_week","isMissing": false}],"unit": "","index": 22,"referencedEntityType": ""},{"name": "hdl_cholesterol","entityType": "Participant","valueType": "decimal","mimeType": "","isRepeatable": false,"occurrenceGroup": "","attributes": [{"name": "label","value": "HDL cholesterol","locale": "en"}],"unit": "mmol/L","index": 23,"referencedEntityType": ""},{"name": "hip_circumference","entityType": "Participant","valueType": "decimal","mimeType": "","isRepeatable": false,"occurrenceGroup": "","attributes": [{"name": "label","value": "Hip circumference","locale": "en"}],"unit": "cm","index": 24,"referencedEntityType": ""},{"name": "histology_tumour","entityType": "Participant","valueType": "text","mimeType": "","isRepeatable": false,"occurrenceGroup": "","attributes": [{"name": "label","value": "Histology of cancer tumour","locale": "en"}],"unit": "","index": 25,"referencedEntityType": ""},{"name": "home_e_coordinate","entityType": "Participant","valueType": "decimal","mimeType": "","isRepeatable": false,"occurrenceGroup": "","attributes": [{"name": "label","value": "Home location - east coordinate -","locale": "en"}],"unit": "degrees","index": 26,"referencedEntityType": ""},{"name": "home_n_coordinate","entityType": "Participant","valueType": "decimal","mimeType": "","isRepeatable": false,"occurrenceGroup": "","attributes": [{"name": "label","value": "Home location - north coordinate -","locale": "en"}],"unit": "degrees","index": 27,"referencedEntityType": ""},{"name": "e_house_score","entityType": "Participant","valueType": "decimal","mimeType": "","isRepeatable": false,"occurrenceGroup": "","attributes": [{"name": "label","value": "Housing score (England)","locale": "en"}],"unit": "","index": 28,"referencedEntityType": ""},{"name": "s_house_score","entityType": "Participant","valueType": "decimal","mimeType": "","isRepeatable": false,"occurrenceGroup": "","attributes": [{"name": "label","value": "Housing score (Scotland)","locale": "en"}],"unit": "","index": 29,"referencedEntityType": ""},{"name": "w_house_score","entityType": "Participant","valueType": "decimal","mimeType": "","isRepeatable": false,"occurrenceGroup": "","attributes": [{"name": "label","value": "Housing score (Wales)","locale": "en"}],"unit": "","index": 30,"referencedEntityType": ""},{"name": "e_income_score","entityType": "Participant","valueType": "decimal","mimeType": "","isRepeatable": false,"occurrenceGroup": "","attributes": [{"name": "label","value": "Income score (England)","locale": "en"}],"unit": "","index": 31,"referencedEntityType": ""},{"name": "w_income_score","entityType": "Participant","valueType": "decimal","mimeType": "","isRepeatable": false,"occurrenceGroup": "","attributes": [{"name": "label","value": "Income score (Wales)","locale": "en"}],"unit": "","index": 32,"referencedEntityType": ""},{"name": "ldl_direct","entityType": "Participant","valueType": "decimal","mimeType": "","isRepeatable": false,"occurrenceGroup": "","attributes": [{"name": "label","value": "LDL direct","locale": "en"}],"unit": "","index": 33,"referencedEntityType": ""},{"name": "lymphocyte_count","entityType": "Participant","valueType": "decimal","mimeType": "","isRepeatable": false,"occurrenceGroup": "","attributes": [{"name": "label","value": "Lymphocyte count","locale": "en"}],"unit": "","index": 34,"referencedEntityType": ""},{"name": "monocyte_count","entityType": "Participant","valueType": "decimal","mimeType": "","isRepeatable": false,"occurrenceGroup": "","attributes": [{"name": "label","value": "Monocyte count","locale": "en"}],"unit": "","index": 35,"referencedEntityType": ""},{"name": "neutrophill_count","entityType": "Participant","valueType": "decimal","mimeType": "","isRepeatable": false,"occurrenceGroup": "","attributes": [{"name": "label","value": "Neutrophill count","locale": "en"}],"unit": "","index": 36,"referencedEntityType": ""},{"name": "n_accidental_death_close_gen_family","entityType": "Participant","valueType": "text","mimeType": "","isRepeatable": false,"occurrenceGroup": "","attributes": [{"name": "label","value": "Non-accidental death in close genetic family","locale": "en"}],"categories": [{"name": "Yes","isMissing": false},{"name": "No","isMissing": false},{"name": "Do_not_know","isMissing": true},{"name": "Prefer_not_to_answer","isMissing": true}],"unit": "","index": 37,"referencedEntityType": ""},{"name": "household_count","entityType": "Participant","valueType": "decimal","mimeType": "","isRepeatable": false,"occurrenceGroup": "","attributes": [{"name": "label","value": "Number in household","locale": "en"}],"unit": "","index": 38,"referencedEntityType": ""},{"name": "children_count","entityType": "Participant","valueType": "decimal","mimeType": "","isRepeatable": false,"occurrenceGroup": "","attributes": [{"name": "label","value": "Number of children fathered","locale": "en"}],"unit": "","index": 39,"referencedEntityType": ""},{"name": "operations_count","entityType": "Participant","valueType": "decimal","mimeType": "","isRepeatable": false,"occurrenceGroup": "","attributes": [{"name": "label","value": "Number of operations, self-reported","locale": "en"}],"unit": "","index": 40,"referencedEntityType": ""},{"name": "operative_procedures","entityType": "Participant","valueType": "text","mimeType": "","isRepeatable": false,"occurrenceGroup": "","attributes": [{"name": "label","value": "Operative procedures - OPCS4","locale": "en"}],"unit": "","index": 41,"referencedEntityType": ""},{"name": "past_tobacco","entityType": "Participant","valueType": "text","mimeType": "","isRepeatable": false,"occurrenceGroup": "","attributes": [{"name": "label","value": "Past tobacco smoking","locale": "en"}],"categories": [{"name": "Smoked_on_most_or_all_days","isMissing": false},{"name": "Prefer_not_to_answer","isMissing": true},{"name": "Just_tried_once_or_twice","isMissing": false},{"name": "I_have_never_smoked","isMissing": false},{"name": "Smoked_occasionally","isMissing": false}],"unit": "","index": 42,"referencedEntityType": ""},{"name": "platelet_count","entityType": "Participant","valueType": "decimal","mimeType": "","isRepeatable": false,"occurrenceGroup": "","attributes": [{"name": "label","value": "Platelet count","locale": "en"}],"unit": "","index": 43,"referencedEntityType": ""},{"name": "pulse_rate","entityType": "Participant","valueType": "decimal","mimeType": "","isRepeatable": false,"occurrenceGroup": "","attributes": [{"name": "label","value": "Pulse rate, automated reading","locale": "en"}],"unit": "bpm","index": 44,"referencedEntityType": ""},{"name": "qualification","entityType": "Participant","valueType": "text","mimeType": "","isRepeatable": false,"occurrenceGroup": "","attributes": [{"name": "label","value": "Qualifications","locale": "en"}],"categories": [{"name": "O_levels_GCSEs_or_equivalent","isMissing": false},{"name": "Prefer_not_to_answer","isMissing": true},{"name": "None_of_the_above","isMissing": false},{"name": "College_or_University_degree","isMissing": false},{"name": "A_levels_AS_levels_or_equivalent","isMissing": false},{"name": "CSEs_or_equivalent","isMissing": false},{"name": "Other_professional_qualifications_eg_nursing_teaching","isMissing": false},{"name": "NVQ_or_HND_or_HNC_or_equivalent","isMissing": false}],"unit": "","index": 45,"referencedEntityType": ""},{"name": "cancer_occurrences","entityType": "Participant","valueType": "decimal","mimeType": "","isRepeatable": false,"occurrenceGroup": "","attributes": [{"name": "label","value": "Reported occurrences of cancer","locale": "en"}],"unit": "","index": 46,"referencedEntityType": ""},{"name": "reticulocuyte_count","entityType": "Participant","valueType": "decimal","mimeType": "","isRepeatable": false,"occurrenceGroup": "","attributes": [{"name": "label","value": "Reticulocyte count","locale": "en"}],"unit": "","index": 47,"referencedEntityType": ""},{"name": "sleep_duration","entityType": "Participant","valueType": "decimal","mimeType": "","isRepeatable": false,"occurrenceGroup": "","attributes": [{"name": "label","value": "Sleep duration","locale": "en"}],"unit": "","index": 48,"referencedEntityType": ""},{"name": "height","entityType": "Participant","valueType": "decimal","mimeType": "","isRepeatable": false,"occurrenceGroup": "","attributes": [{"name": "label","value": "Standing height","locale": "en"}],"unit": "cm","index": 49,"referencedEntityType": ""},{"name": "triglycerides","entityType": "Participant","valueType": "decimal","mimeType": "","isRepeatable": false,"occurrenceGroup": "","attributes": [{"name": "label","value": "Triglycerides","locale": "en"}],"unit": "","index": 51,"referencedEntityType": ""},{"name": "cancer_type_idc10","entityType": "Participant","valueType": "text","mimeType": "","isRepeatable": false,"occurrenceGroup": "","attributes": [{"name": "label","value": "Type of cancer: ICD10","locale": "en"}],"unit": "","index": 52,"referencedEntityType": ""},{"name": "cancer_type_idc9","entityType": "Participant","valueType": "text","mimeType": "","isRepeatable": false,"occurrenceGroup": "","attributes": [{"name": "label","value": "Type of cancer: ICD9","locale": "en"}],"unit": "","index": 53,"referencedEntityType": ""},{"name": "weight","entityType": "Participant","valueType": "decimal","mimeType": "","isRepeatable": false,"occurrenceGroup": "","attributes": [{"name": "label","value": "Weight","locale": "en"}],"unit": "kg","index": 54,"referencedEntityType": ""},{"name": "leukocyte_count","entityType": "Participant","valueType": "decimal","mimeType": "","isRepeatable": false,"occurrenceGroup": "","attributes": [{"name": "label","value": "White blood cell (leukocyte) count","locale": "en"}],"unit": "","index": 55,"referencedEntityType": ""},{"name": "sex","entityType": "Participant","valueType": "text","mimeType": "","isRepeatable": false,"occurrenceGroup": "","attributes": [{"name": "label","value": "Sex","locale": "en"}],"categories": [{"name": "female","isMissing": false},{"name": "male","isMissing": false}],"unit": "","index": 56,"referencedEntityType": ""},{"name": "phenotype","entityType": "Participant","valueType": "text","mimeType": "","isRepeatable": false,"occurrenceGroup": "","attributes": [{"name": "label","value": "Phenotype","locale": "en"}],"unit": "","index": 57,"referencedEntityType": ""},{"name": "age_death","entityType": "Participant","valueType": "decimal","mimeType": "","isRepeatable": false,"occurrenceGroup": "","attributes": [{"name": "label","value": "Age at death","locale": "en"}],"unit": "years","index": 58,"referencedEntityType": ""},{"name": "age_diagnosis_diabetes","entityType": "Participant","valueType": "decimal","mimeType": "","isRepeatable": false,"occurrenceGroup": "","attributes": [{"name": "label","value": "Age diabetes diagnosed","locale": "en"}],"unit": "years","index": 59,"referencedEntityType": ""},{"name": "date_k85_report","entityType": "Participant","valueType": "date","mimeType": "","isRepeatable": false,"occurrenceGroup": "","attributes": [{"name": "label","value": "Date K85 first reported (acute pancreatitits)","locale": "en"},{"name": "class","value": "Date"}],"unit": "","index": 60,"referencedEntityType": ""},{"name": "date_k86_report","entityType": "Participant","valueType": "date","mimeType": "","isRepeatable": false,"occurrenceGroup": "","attributes": [{"name": "label","value": "Date K86 first reported (other diseases of pancreas)","locale": "en"},{"name": "class","value": "Date"}],"unit": "","index": 61,"referencedEntityType": ""},{"name": "date_death","entityType": "Participant","valueType": "date","mimeType": "","isRepeatable": false,"occurrenceGroup": "","attributes": [{"name": "label","value": "Date of death","locale": "en"},{"name": "class","value": "Date"}],"unit": "","index": 62,"referencedEntityType": ""},{"name": "enm_diseases","entityType": "Participant","valueType": "text","mimeType": "","isRepeatable": false,"occurrenceGroup": "","attributes": [{"name": "label","value": "Endocrine, nutritional and metabolic diseases","locale": "en"}],"categories": [{"name": "thyroiditis","isMissing": false},{"name": "obesity","isMissing": false},{"name": "insulin_dependent_diabetes_mellitus","isMissing": false}],"unit": "","index": 63,"referencedEntityType": ""},{"name": "source_k85_report","entityType": "Participant","valueType": "text","mimeType": "","isRepeatable": false,"occurrenceGroup": "","attributes": [{"name": "label","value": "Source of report of K85 (acute pancreatitits)","locale": "en"}],"categories": [{"name": "Hospital_admissions_data_only","isMissing": false},{"name": "Self_report_and_other_source_s_","isMissing": false},{"name": "Hospital_admissions_data_and_other_source_s_","isMissing": false},{"name": "Death_register_and_other_source_s_","isMissing": false},{"name": "Primary_care_only","isMissing": false},{"name": "Death_register_only","isMissing": false},{"name": "Self_report_only","isMissing": false},{"name": "Primary_care_and_other_source_s_","isMissing": false}],"unit": "","index": 64,"referencedEntityType": ""},{"name": "source_k86_report","entityType": "Participant","valueType": "text","mimeType": "","isRepeatable": false,"occurrenceGroup": "","attributes": [{"name": "label","value": "Source of report of K86 (other diseases of pancreas)","locale": "en"}],"categories": [{"name": "Self_report_only","isMissing": false},{"name": "Death_register_and_other_source_s_","isMissing": false},{"name": "Hospital_admissions_data_and_other_source_s_","isMissing": false},{"name": "Primary_care_only","isMissing": false},{"name": "Primary_care_and_other_source_s_","isMissing": false},{"name": "Hospital_admissions_data_only","isMissing": false},{"name": "Death_register_only","isMissing": false},{"name": "Self_report_and_other_source_s_","isMissing": false}],"unit": "","index": 65,"referencedEntityType": ""},{"name": "age_hbp_diagnosis","entityType": "Participant","valueType": "decimal","mimeType": "","isRepeatable": false,"occurrenceGroup": "","attributes": [{"name": "label","value": "Age high blood pressure diagnosed","locale": "en"}],"unit": "years","index": 66,"referencedEntityType": ""},{"name": "mental_disorders","entityType": "Participant","valueType": "text","mimeType": "","isRepeatable": false,"occurrenceGroup": "","attributes": [{"name": "label","value": "Mental and behavioural disorders","locale": "en"}],"categories": [{"name": "schizophrenia","isMissing": false},{"name": "bipolar_affective_disorder","isMissing": false},{"name": "eating_disorders","isMissing": false}],"unit": "","index": 67,"referencedEntityType": ""},{"name": "respiratory_disorders","entityType": "Participant","valueType": "text","mimeType": "","isRepeatable": false,"occurrenceGroup": "","attributes": [{"name": "label","value": "Respiratory system disorders","locale": "en"}],"categories": [{"name": "acute_bronchitis","isMissing": false},{"name": "asthma","isMissing": false},{"name": "influenza_due_to_certain_identified_influenza_virus","isMissing": false}],"unit": "","index": 68,"referencedEntityType": ""},{"name": "cancer_year","entityType": "Participant","valueType": "decimal","mimeType": "","isRepeatable": false,"occurrenceGroup": "","attributes": [{"name": "label","value": "Cancer year / age first occurred","locale": "en"}],"unit": "","index": 69,"referencedEntityType": ""},{"name": "circulatory_disorders","entityType": "Participant","valueType": "text","mimeType": "","isRepeatable": false,"occurrenceGroup": "","attributes": [{"name": "label","value": "Circulatory system disorders","locale": "en"}],"categories": [{"name": "varicose_veins_of_lower_extremities","isMissing": false},{"name": "cardiomyopathy","isMissing": false},{"name": "haemorrhoids","isMissing": false}],"unit": "","index": 70,"referencedEntityType": ""},{"name": "digestive_disorders","entityType": "Participant","valueType": "text","mimeType": "","isRepeatable": false,"occurrenceGroup": "","attributes": [{"name": "label","value": "Digestive system disorders","locale": "en"}],"categories": [{"name": "gastro_oesophageal_reflux_disease","isMissing": false},{"name": "fibrosis_and_cirrhosis_of_liver","isMissing": false},{"name": "dental_caries","isMissing": false}],"unit": "","index": 71,"referencedEntityType": ""},{"name": "nervous_disorders","entityType": "Participant","valueType": "text","mimeType": "","isRepeatable": false,"occurrenceGroup": "","attributes": [{"name": "label","value": "Nervous system disorders","locale": "en"}],"categories": [{"name": "multiple_sclerosis","isMissing": false},{"name": "huntington_s_disease","isMissing": false},{"name": "alzheimer_s_disease","isMissing": false}],"unit": "","index": 72,"referencedEntityType": ""},{"name": "immune_disorders","entityType": "Participant","valueType": "text","mimeType": "","isRepeatable": false,"occurrenceGroup": "","attributes": [{"name": "label","value": "Blood, blood-forming organs and certain immune disorders","locale": "en"}],"categories": [{"name": "iron_deficiency_anaemia","isMissing": false},{"name": "sarcoidosis","isMissing": false},{"name": "agranulocytosis","isMissing": false}],"unit": "","index": 73,"referencedEntityType": ""}],"timestamps": {"created": "2021-10-14T11:06:36.960Z","lastUpdate": "2021-10-14T11:09:06.263Z"}}