{"name": "growth_2","entityType": "Participant","datasourceName": "depression","variables": [{"name": "grp","entityType": "Participant","valueType": "integer","isRepeatable": true,"index": 0},{"name": "sex","entityType": "Participant","valueType": "integer","isRepeatable": true,"index": 1},{"name": "age","entityType": "Participant","valueType": "decimal","isRepeatable": true,"index": 2},{"name": "hads_2","entityType": "Participant","valueType": "integer","isRepeatable": true,"index": 3},{"name": "hads_4","entityType": "Participant","valueType": "integer","isRepeatable": true,"index": 4},{"name": "hads_6","entityType": "Participant","valueType": "integer","isRepeatable": true,"index": 5},{"name": "hads_8","entityType": "Participant","valueType": "integer","isRepeatable": true,"index": 6},{"name": "hads_10","entityType": "Participant","valueType": "integer","isRepeatable": true,"index": 7},{"name": "hads_12","entityType": "Participant","valueType": "integer","isRepeatable": true,"index": 8},{"name": "hads_14","entityType": "Participant","valueType": "integer","isRepeatable": true,"index": 9},{"name": "time","entityType": "Participant","valueType": "decimal","isRepeatable": true,"index": 11},{"name": "time_entry","entityType": "Participant","valueType": "decimal","isRepeatable": true,"index": 12},{"name": "total","entityType": "Participant","valueType": "decimal","isRepeatable": true,"index": 13},{"name": "hads_total","entityType": "Participant","valueType": "decimal","isRepeatable": true,"index": 14}],"timestamps": {"created": "2025-05-03T05:51:07.305Z","lastUpdate": "2025-05-03T05:51:08.371Z"},"status": "READY"}