{"name": "growth_2","entityType": "Participant","datasourceName": "depression","variables": [{"name": "grp","entityType": "Participant","valueType": "integer","mimeType": "","isRepeatable": true,"occurrenceGroup": "","categories": [{"name": "0","isMissing": false},{"name": "1","isMissing": false}],"unit": "","index": 0,"referencedEntityType": ""},{"name": "sex","entityType": "Participant","valueType": "integer","mimeType": "","isRepeatable": true,"occurrenceGroup": "","categories": [{"name": "0","isMissing": false},{"name": "1","isMissing": false}],"unit": "","index": 1,"referencedEntityType": ""},{"name": "age","entityType": "Participant","valueType": "decimal","mimeType": "","isRepeatable": true,"occurrenceGroup": "","unit": "","index": 2,"referencedEntityType": ""},{"name": "hads_2","entityType": "Participant","valueType": "integer","mimeType": "","isRepeatable": true,"occurrenceGroup": "","categories": [{"name": "0","isMissing": false},{"name": "1","isMissing": false},{"name": "2","isMissing": false},{"name": "3","isMissing": false}],"unit": "","index": 3,"referencedEntityType": ""},{"name": "hads_4","entityType": "Participant","valueType": "integer","mimeType": "","isRepeatable": true,"occurrenceGroup": "","categories": [{"name": "0","isMissing": false},{"name": "1","isMissing": false},{"name": "2","isMissing": false},{"name": "3","isMissing": false}],"unit": "","index": 4,"referencedEntityType": ""},{"name": "hads_6","entityType": "Participant","valueType": "integer","mimeType": "","isRepeatable": true,"occurrenceGroup": "","categories": [{"name": "0","isMissing": false},{"name": "1","isMissing": false},{"name": "2","isMissing": false},{"name": "3","isMissing": false}],"unit": "","index": 5,"referencedEntityType": ""},{"name": "hads_8","entityType": "Participant","valueType": "integer","mimeType": "","isRepeatable": true,"occurrenceGroup": "","categories": [{"name": "0","isMissing": false},{"name": "1","isMissing": false},{"name": "2","isMissing": false},{"name": "3","isMissing": false}],"unit": "","index": 6,"referencedEntityType": ""},{"name": "hads_10","entityType": "Participant","valueType": "integer","mimeType": "","isRepeatable": true,"occurrenceGroup": "","categories": [{"name": "0","isMissing": false},{"name": "1","isMissing": false},{"name": "2","isMissing": false},{"name": "3","isMissing": false}],"unit": "","index": 7,"referencedEntityType": ""},{"name": "hads_12","entityType": "Participant","valueType": "integer","mimeType": "","isRepeatable": true,"occurrenceGroup": "","categories": [{"name": "0","isMissing": false},{"name": "1","isMissing": false},{"name": "2","isMissing": false},{"name": "3","isMissing": false}],"unit": "","index": 8,"referencedEntityType": ""},{"name": "hads_14","entityType": "Participant","valueType": "integer","mimeType": "","isRepeatable": true,"occurrenceGroup": "","categories": [{"name": "0","isMissing": false},{"name": "1","isMissing": false},{"name": "2","isMissing": false},{"name": "3","isMissing": false}],"unit": "","index": 9,"referencedEntityType": ""},{"name": "time","entityType": "Participant","valueType": "decimal","mimeType": "","isRepeatable": true,"occurrenceGroup": "","unit": "","index": 11,"referencedEntityType": ""},{"name": "time_entry","entityType": "Participant","valueType": "decimal","mimeType": "","isRepeatable": true,"occurrenceGroup": "","unit": "","index": 12,"referencedEntityType": ""},{"name": "total","entityType": "Participant","valueType": "decimal","mimeType": "","isRepeatable": true,"occurrenceGroup": "","unit": "","index": 13,"referencedEntityType": ""},{"name": "hads_total","entityType": "Participant","valueType": "decimal","mimeType": "","isRepeatable": true,"occurrenceGroup": "","unit": "","index": 14,"referencedEntityType": ""}],"timestamps": {"created": "2025-05-04T06:31:24.253Z","lastUpdate": "2025-05-04T12:25:57.685Z"},"status": "READY"}