{
  "id": "6b4bbc99-f4fb-4b4f-9f42-dd14b87e672e",
  "name": [
    {
      "lang": "en",
      "value": "Constances\/CLSA"
    }
  ],
  "description": [
    {
      "lang": "en",
      "value": "<p>Project of data harmonization with consecutive analyses<\/p>\r\n"
    }
  ],
  "maelstromAuthorization": {
    "authorized": false,
    "date": "2014-12-18T00:00:00-05:00"
  },
  "studyIds": [
    "92f1036b-da70-4985-956c-08ca004948ba"
  ],
  "published": false,
  "content": "{\"maelstromAuthorization\":{\"authorized\":false,\"authorizer\":null}}"
}