{"id":"02d977ce-2ac2-4040-94e4-4f7655d8c4ff","name":[{"lang":"en","value":"ULSAM50"}],"description":[{"lang":"en","value":"<p>Data collection event at 50 years old, contains&nbsp;94 variables.<\/p>\r\n"}],"entityType":"Participant","published":false,"obiba.mica.StudyDatasetDto.type":{"studyTable":{"studyId":"946ff43d-e31e-415b-b1c9-688513a889d6","populationId":"4d6d1853-4cfc-4f4f-9a74-2e058354b2f8","dataCollectionEventId":"13dd39a9-4010-4067-8e21-8d209bc579ec","project":"ULSAM","table":"ULSAM50"}}}