{"id":"67b115e8-0865-4bbb-8ea7-dda253d74272","name":[{"lang":"en","value":"ULSAM82"}],"description":[{"lang":"en","value":"<p>Data collection event at 82&nbsp;years old, contains 276 variables.<\/p>\r\n"}],"entityType":"Participant","published":false,"obiba.mica.StudyDatasetDto.type":{"studyTable":{"studyId":"946ff43d-e31e-415b-b1c9-688513a889d6","populationId":"4d6d1853-4cfc-4f4f-9a74-2e058354b2f8","dataCollectionEventId":"4a451c13-7de5-468c-9611-06fd89111b89","project":"ULSAM","table":"ULSAM82"}}}