{"name": "mimiciv","description": "The MIMIC IV resource is a critical care database that has been adapted to the OMOP Common Data Model (CDM) for demonstration and testing purposes. This resource includes data from 100 patients, featuring de-identified health information such as vital signs, laboratory results, and medications, originally collected from intensive care units (ICUs) at the Beth Israel Deaconess Medical Center and transformed into the OMOP CDM format for standardized use.","project": "omop_demo","provider": "dsOMOP","factory": "omop-cdm-db","parameters": "{\"driver\":\"postgresql\",\"host\":\"postgres-omop\",\"port\":5432,\"db\":\"mimiciv\"}","credentials": "{\"username\":\"postgres\",\"password\":\"postgres\"}","created": "2024-11-28T15:22:57Z","updated": "2024-11-28T15:22:57Z","editable": true}