{"id":"95bbd57d-a0b2-4f8d-b6f2-5a33fdd0fbb7","name":[{"lang":"en","value":"NuAge T3"}],"description":[{"lang":"en","value":"<p>Variables of the second follow-up T3&nbsp;(2006&nbsp;- 2007). The dataset contains 809 variables.<\/p>\r\n"}],"entityType":"Participant","published":false,"obiba.mica.StudyDatasetDto.type":{"studyTable":{"studyId":"c07fb36f-7187-4018-b3c3-1678f020d71e","populationId":"008abaf6-2891-47d0-8862-9f76862327b4","dataCollectionEventId":"698f0fa0-352e-448f-a5d6-95aa88c96935","project":"NuAge","table":"NuAge T3"}}}