<valueSet valueTable="CNSIM3" entityType="Participant" entityIdentifier="1762">
  <variableValue variable="LAB_TSC">
    <value valueType="decimal">7.278</value>
  </variableValue>
  <variableValue variable="LAB_TRIG">
    <value valueType="decimal">4.307</value>
  </variableValue>
  <variableValue variable="LAB_HDL">
    <value valueType="decimal">1.063</value>
  </variableValue>
  <variableValue variable="LAB_GLUC_ADJUSTED">
    <value valueType="decimal">8.504</value>
  </variableValue>
  <variableValue variable="PM_BMI_CONTINUOUS">
    <value valueType="decimal">28.9</value>
  </variableValue>
  <variableValue variable="DIS_CVA">
    <value valueType="integer">0</value>
  </variableValue>
  <variableValue variable="MEDI_LPD">
    <value valueType="integer">0</value>
  </variableValue>
  <variableValue variable="DIS_DIAB">
    <value valueType="integer">0</value>
  </variableValue>
  <variableValue variable="DIS_AMI">
    <value valueType="integer">0</value>
  </variableValue>
  <variableValue variable="GENDER">
    <value valueType="integer">0</value>
  </variableValue>
  <variableValue variable="PM_BMI_CATEGORICAL">
    <value valueType="integer">2</value>
  </variableValue>
</valueSet>