<valueSet valueTable="CNSIM3" entityType="Participant" entityIdentifier="2550">
  <variableValue variable="LAB_TSC">
    <value valueType="decimal">6.28</value>
  </variableValue>
  <variableValue variable="LAB_TRIG">
    <value valueType="decimal">4.169</value>
  </variableValue>
  <variableValue variable="LAB_HDL">
    <value valueType="decimal">1.953</value>
  </variableValue>
  <variableValue variable="LAB_GLUC_ADJUSTED">
    <value valueType="decimal"/>
  </variableValue>
  <variableValue variable="PM_BMI_CONTINUOUS">
    <value valueType="decimal">29.92</value>
  </variableValue>
  <variableValue variable="DIS_CVA">
    <value valueType="integer">0</value>
  </variableValue>
  <variableValue variable="MEDI_LPD">
    <value valueType="integer">0</value>
  </variableValue>
  <variableValue variable="DIS_DIAB">
    <value valueType="integer">0</value>
  </variableValue>
  <variableValue variable="DIS_AMI">
    <value valueType="integer">0</value>
  </variableValue>
  <variableValue variable="GENDER">
    <value valueType="integer">0</value>
  </variableValue>
  <variableValue variable="PM_BMI_CATEGORICAL">
    <value valueType="integer">2</value>
  </variableValue>
</valueSet>