<valueSet valueTable="CNSIM3" entityType="Participant" entityIdentifier="321">
  <variableValue variable="LAB_TSC">
    <value valueType="decimal">4.208</value>
  </variableValue>
  <variableValue variable="LAB_TRIG">
    <value valueType="decimal">3.091</value>
  </variableValue>
  <variableValue variable="LAB_HDL">
    <value valueType="decimal">1.963</value>
  </variableValue>
  <variableValue variable="LAB_GLUC_ADJUSTED">
    <value valueType="decimal">10.83</value>
  </variableValue>
  <variableValue variable="PM_BMI_CONTINUOUS">
    <value valueType="decimal">30.99</value>
  </variableValue>
  <variableValue variable="DIS_CVA">
    <value valueType="integer">0</value>
  </variableValue>
  <variableValue variable="MEDI_LPD">
    <value valueType="integer">0</value>
  </variableValue>
  <variableValue variable="DIS_DIAB">
    <value valueType="integer">0</value>
  </variableValue>
  <variableValue variable="DIS_AMI">
    <value valueType="integer">0</value>
  </variableValue>
  <variableValue variable="GENDER">
    <value valueType="integer">1</value>
  </variableValue>
  <variableValue variable="PM_BMI_CATEGORICAL">
    <value valueType="integer">3</value>
  </variableValue>
</valueSet>