<valueSet valueTable="CNSIM3" entityType="Participant" entityIdentifier="1269">
  <variableValue variable="LAB_TSC">
    <value valueType="decimal">6.282</value>
  </variableValue>
  <variableValue variable="LAB_TRIG">
    <value valueType="decimal">2.376</value>
  </variableValue>
  <variableValue variable="LAB_HDL">
    <value valueType="decimal">0.9331</value>
  </variableValue>
  <variableValue variable="LAB_GLUC_ADJUSTED">
    <value valueType="decimal">5.195</value>
  </variableValue>
  <variableValue variable="PM_BMI_CONTINUOUS">
    <value valueType="decimal"/>
  </variableValue>
  <variableValue variable="DIS_CVA">
    <value valueType="integer">0</value>
  </variableValue>
  <variableValue variable="MEDI_LPD">
    <value valueType="integer">0</value>
  </variableValue>
  <variableValue variable="DIS_DIAB">
    <value valueType="integer">0</value>
  </variableValue>
  <variableValue variable="DIS_AMI">
    <value valueType="integer">0</value>
  </variableValue>
  <variableValue variable="GENDER">
    <value valueType="integer">0</value>
  </variableValue>
  <variableValue variable="PM_BMI_CATEGORICAL">
    <value valueType="integer"/>
  </variableValue>
</valueSet>