<valueSet valueTable="CNSIM3" entityType="Participant" entityIdentifier="1964">
  <variableValue variable="LAB_TSC">
    <value valueType="decimal">6.602</value>
  </variableValue>
  <variableValue variable="LAB_TRIG">
    <value valueType="decimal">1.992</value>
  </variableValue>
  <variableValue variable="LAB_HDL">
    <value valueType="decimal">1.795</value>
  </variableValue>
  <variableValue variable="LAB_GLUC_ADJUSTED">
    <value valueType="decimal">9.88</value>
  </variableValue>
  <variableValue variable="PM_BMI_CONTINUOUS">
    <value valueType="decimal">24.07</value>
  </variableValue>
  <variableValue variable="DIS_CVA">
    <value valueType="integer">0</value>
  </variableValue>
  <variableValue variable="MEDI_LPD">
    <value valueType="integer">0</value>
  </variableValue>
  <variableValue variable="DIS_DIAB">
    <value valueType="integer">1</value>
  </variableValue>
  <variableValue variable="DIS_AMI">
    <value valueType="integer">0</value>
  </variableValue>
  <variableValue variable="GENDER">
    <value valueType="integer">0</value>
  </variableValue>
  <variableValue variable="PM_BMI_CATEGORICAL">
    <value valueType="integer">1</value>
  </variableValue>
</valueSet>