"entity_id","Survived","Pclass","Name","Sex","Age","SibSp","Parch","Ticket","Fare","Cabin","Embarked"
"434","0.0","3.0","Kallio, Mr. Nikolai Erland","male","17.0","0.0","0.0","STON/O 2. 3101274","7.125",,"S"
"441","1.0","2.0","Hart, Mrs. Benjamin (Esther Ada Bloomfield)","female","45.0","1.0","1.0","F.C.C. 13529","26.25",,"S"
"1","0.0","3.0","Braund, Mr. Owen Harris","male","22.0","1.0","0.0","A/5 21171","7.25",,"S"
"100","0.0","2.0","Kantor, Mr. Sinai","male","34.0","1.0","0.0","244367","26.0",,"S"
"106","0.0","3.0","Mionoff, Mr. Stoytcho","male","28.0","0.0","0.0","349207","7.8958",,"S"
"11","1.0","3.0","Sandstrom, Miss. Marguerite Rut","female","4.0","1.0","1.0","PP 9549","16.7","G6","S"
"111","0.0","1.0","Porter, Mr. Walter Chamberlain","male","47.0","0.0","0.0","110465","52.0","C110","S"
"116","0.0","3.0","Pekoniemi, Mr. Edvard","male","21.0","0.0","0.0","STON/O 2. 3101294","7.925",,"S"
"120","0.0","3.0","Andersson, Miss. Ellis Anna Maria","female","2.0","4.0","2.0","347082","31.275",,"S"
"125","0.0","1.0","White, Mr. Percival Wayland","male","54.0","0.0","1.0","35281","77.2875","D26","S"
"128","1.0","3.0","Madsen, Mr. Fridtjof Arne","male","24.0","0.0","0.0","C 17369","7.1417",,"S"
"131","0.0","3.0","Drazenoic, Mr. Jozef","male","33.0","0.0","0.0","349241","7.8958",,"C"
"134","1.0","2.0","Weisz, Mrs. Leopold (Mathilde Francoise Pede)","female","29.0","1.0","0.0","228414","26.0",,"S"
"140","0.0","1.0","Giglio, Mr. Victor","male","24.0","0.0","0.0","PC 17593","79.2","B86","C"
"149","0.0","2.0","Navratil, Mr. Michel (""Louis M Hoffman"")","male","36.5","0.0","2.0","230080","26.0","F2","S"
"154","0.0","3.0","van Billiard, Mr. Austin Blyler","male","40.5","0.0","2.0","A/5. 851","14.5",,"S"
"16","1.0","2.0","Hewlett, Mrs. (Mary D Kingcome)","female","55.0","0.0","0.0","248706","16.0",,"S"
"165","0.0","3.0","Panula, Master. Eino Viljami","male","1.0","4.0","1.0","3101295","39.6875",,"S"
"168","0.0","3.0","Skoog, Mrs. William (Anna Bernhardina Karlsson)","female","45.0","1.0","4.0","347088","27.9",,"S"
"181","0.0","3.0","Sage, Miss. Constance Gladys","female",,"8.0","2.0","CA. 2343","69.55",,"S"
"20","1.0","3.0","Masselmani, Mrs. Fatima","female",,"0.0","0.0","2649","7.225",,"C"
"23","1.0","3.0","McGowan, Miss. Anna ""Annie""","female","15.0","0.0","0.0","330923","8.0292",,"Q"
"26","1.0","3.0","Asplund, Mrs. Carl Oscar (Selma Augusta Emilia Johansson)","female","38.0","1.0","5.0","347077","31.3875",,"S"
"28","0.0","1.0","Fortune, Mr. Charles Alexander","male","19.0","3.0","2.0","19950","263.0","C23 C25 C27","S"
"30","0.0","3.0","Todoroff, Mr. Lalio","male",,"0.0","0.0","349216","7.8958",,"S"
"31","0.0","1.0","Uruchurtu, Don. Manuel E","male","40.0","0.0","0.0","PC 17601","27.7208",,"C"
"32","1.0","1.0","Spencer, Mrs. William Augustus (Marie Eugenie)","female",,"1.0","0.0","PC 17569","146.5208","B78","C"
"34","0.0","2.0","Wheadon, Mr. Edward H","male","66.0","0.0","0.0","C.A. 24579","10.5",,"S"
"4","1.0","1.0","Futrelle, Mrs. Jacques Heath (Lily May Peel)","female","35.0","1.0","0.0","113803","53.1","C123","S"
"5","0.0","3.0","Allen, Mr. William Henry","male","35.0","0.0","0.0","373450","8.05",,"S"
"54","1.0","2.0","Faunthorpe, Mrs. Lizzie (Elizabeth Anne Wilkinson)","female","29.0","1.0","0.0","2926","26.0",,"S"
"57","1.0","2.0","Rugg, Miss. Emily","female","21.0","0.0","0.0","C.A. 31026","10.5",,"S"
"6","0.0","3.0","Moran, Mr. James","male",,"0.0","0.0","330877","8.4583",,"Q"
"63","0.0","1.0","Harris, Mr. Henry Birkhardt","male","45.0","1.0","0.0","36973","83.475","C83","S"
"68","0.0","3.0","Crease, Mr. Ernest James","male","19.0","0.0","0.0","S.P. 3464","8.1583",,"S"
"73","0.0","2.0","Hood, Mr. Ambrose Jr","male","21.0","0.0","0.0","S.O.C. 14879","73.5",,"S"
"78","0.0","3.0","Moutal, Mr. Rahamin Haim","male",,"0.0","0.0","374746","8.05",,"S"
"8","0.0","3.0","Palsson, Master. Gosta Leonard","male","2.0","3.0","1.0","349909","21.075",,"S"
"84","0.0","1.0","Carrau, Mr. Francisco M","male","28.0","0.0","0.0","113059","47.1",,"S"
"89","1.0","1.0","Fortune, Miss. Mabel Helen","female","23.0","3.0","2.0","19950","263.0","C23 C25 C27","S"
"94","0.0","3.0","Dean, Mr. Bertram Frank","male","26.0","1.0","2.0","C.A. 2315","20.575",,"S"
"112","0.0","3.0","Zabour, Miss. Hileni","female","14.5","1.0","0.0","2665","14.4542",,"C"
"121","0.0","2.0","Hickman, Mr. Stanley George","male","21.0","2.0","0.0","S.O.C. 14879","73.5",,"S"
"126","1.0","3.0","Nicola-Yarred, Master. Elias","male","12.0","1.0","0.0","2651","11.2417",,"C"
"135","0.0","2.0","Sobey, Mr. Samuel James Hayden","male","25.0","0.0","0.0","C.A. 29178","13.0",,"S"
"14","0.0","3.0","Andersson, Mr. Anders Johan","male","39.0","1.0","5.0","347082","31.275",,"S"
"147","1.0","3.0","Andersson, Mr. August Edvard (""Wennerstrom"")","male","27.0","0.0","0.0","350043","7.7958",,"S"
"160","0.0","3.0","Sage, Master. Thomas Henry","male",,"8.0","2.0","CA. 2343","69.55",,"S"
"172","0.0","3.0","Rice, Master. Arthur","male","4.0","4.0","1.0","382652","29.125",,"Q"
"203","0.0","3.0","Johanson, Mr. Jakob Alfred","male","34.0","0.0","0.0","3101264","6.4958",,"S"
"217","1.0","3.0","Honkanen, Miss. Eliina","female","27.0","0.0","0.0","STON/O2. 3101283","7.925",,"S"
"222","0.0","2.0","Bracken, Mr. James H","male","27.0","0.0","0.0","220367","13.0",,"S"
"248","1.0","2.0","Hamalainen, Mrs. William (Anna)","female","24.0","0.0","2.0","250649","14.5",,"S"
"265","0.0","3.0","Henry, Miss. Delia","female",,"0.0","0.0","382649","7.75",,"Q"
"273","1.0","2.0","Mellinger, Mrs. (Elizabeth Anne Maidment)","female","41.0","0.0","1.0","250644","19.5",,"S"
"29","1.0","3.0","O'Dwyer, Miss. Ellen ""Nellie""","female",,"0.0","0.0","330959","7.8792",,"Q"
"303","0.0","3.0","Johnson, Mr. William Cahoone Jr","male","19.0","0.0","0.0","LINE","0.0",,"S"
"311","1.0","1.0","Hays, Miss. Margaret Bechstein","female","24.0","0.0","0.0","11767","83.1583","C54","C"
"323","1.0","2.0","Slayter, Miss. Hilda Mary","female","30.0","0.0","0.0","234818","12.35",,"Q"
"340","0.0","1.0","Blackwell, Mr. Stephen Weart","male","45.0","0.0","0.0","113784","35.5","T","S"
"343","0.0","2.0","Collander, Mr. Erik Gustaf","male","28.0","0.0","0.0","248740","13.0",,"S"
"348","1.0","3.0","Davison, Mrs. Thomas Henry (Mary E Finck)","female",,"1.0","0.0","386525","16.1",,"S"
"356","0.0","3.0","Vanden Steen, Mr. Leo Peter","male","28.0","0.0","0.0","345783","9.5",,"S"
"364","0.0","3.0","Asim, Mr. Adola","male","35.0","0.0","0.0","SOTON/O.Q. 3101310","7.05",,"S"
"365","0.0","3.0","O'Brien, Mr. Thomas","male",,"1.0","0.0","370365","15.5",,"Q"
"373","0.0","3.0","Beavan, Mr. William Thomas","male","19.0","0.0","0.0","323951","8.05",,"S"
"381","1.0","1.0","Bidois, Miss. Rosalie","female","42.0","0.0","0.0","PC 17757","227.525",,"C"
"386","0.0","2.0","Davies, Mr. Charles Henry","male","18.0","0.0","0.0","S.O.C. 14879","73.5",,"S"
"39","0.0","3.0","Vander Planke, Miss. Augusta Maria","female","18.0","2.0","0.0","345764","18.0",,"S"
"390","1.0","2.0","Lehmann, Miss. Bertha","female","17.0","0.0","0.0","SC 1748","12.0",,"C"
"399","0.0","2.0","Pain, Dr. Alfred","male","23.0","0.0","0.0","244278","10.5",,"S"
"401","1.0","3.0","Niskanen, Mr. Juha","male","39.0","0.0","0.0","STON/O 2. 3101289","7.925",,"S"
"407","0.0","3.0","Widegren, Mr. Carl/Charles Peter","male","51.0","0.0","0.0","347064","7.75",,"S"
"414","0.0","2.0","Cunningham, Mr. Alfred Fleming","male",,"0.0","0.0","239853","0.0",,"S"
"426","0.0","3.0","Wiseman, Mr. Phillippe","male",,"0.0","0.0","A/4. 34244","7.25",,"S"
"428","1.0","2.0","Phillips, Miss. Kate Florence (""Mrs Kate Louise Phillips Marshall"")","female","19.0","0.0","0.0","250655","26.0",,"S"
"431","1.0","1.0","Bjornstrom-Steffansson, Mr. Mauritz Hakan","male","28.0","0.0","0.0","110564","26.55","C52","S"
"435","0.0","1.0","Silvey, Mr. William Baird","male","50.0","1.0","0.0","13507","55.9","E44","S"
"47","0.0","3.0","Lennon, Mr. Denis","male",,"1.0","0.0","370371","15.5",,"Q"
"65","0.0","1.0","Stewart, Mr. Albert A","male",,"0.0","0.0","PC 17605","27.7208",,"C"
"79","1.0","2.0","Caldwell, Master. Alden Gates","male","0.83","0.0","2.0","248738","29.0",,"S"
"96","0.0","3.0","Shorney, Mr. Charles Joseph","male",,"0.0","0.0","374910","8.05",,"S"
"103","0.0","1.0","White, Mr. Richard Frasar","male","21.0","0.0","1.0","35281","77.2875","D26","S"
"104","0.0","3.0","Johansson, Mr. Gustaf Joel","male","33.0","0.0","0.0","7540","8.6542",,"S"
"108","1.0","3.0","Moss, Mr. Albert Johan","male",,"0.0","0.0","312991","7.775",,"S"
"109","0.0","3.0","Rekic, Mr. Tido","male","38.0","0.0","0.0","349249","7.8958",,"S"
"113","0.0","3.0","Barton, Mr. David John","male","22.0","0.0","0.0","324669","8.05",,"S"
"114","0.0","3.0","Jussila, Miss. Katriina","female","20.0","1.0","0.0","4136","9.825",,"S"
"119","0.0","1.0","Baxter, Mr. Quigg Edmond","male","24.0","0.0","1.0","PC 17558","247.5208","B58 B60","C"
"12","1.0","1.0","Bonnell, Miss. Elizabeth","female","58.0","0.0","0.0","113783","26.55","C103","S"
"124","1.0","2.0","Webber, Miss. Susan","female","32.5","0.0","0.0","27267","13.0","E101","S"
"130","0.0","3.0","Ekstrom, Mr. Johan","male","45.0","0.0","0.0","347061","6.975",,"S"
"132","0.0","3.0","Coelho, Mr. Domingos Fernandeo","male","20.0","0.0","0.0","SOTON/O.Q. 3101307","7.05",,"S"
"138","0.0","1.0","Futrelle, Mr. Jacques Heath","male","37.0","1.0","0.0","113803","53.1","C123","S"
"139","0.0","3.0","Osen, Mr. Olaf Elon","male","16.0","0.0","0.0","7534","9.2167",,"S"
"146","0.0","2.0","Nicholls, Mr. Joseph Charles","male","19.0","1.0","1.0","C.A. 33112","36.75",,"S"
"148","0.0","3.0","Ford, Miss. Robina Maggie ""Ruby""","female","9.0","2.0","2.0","W./C. 6608","34.375",,"S"
"156","0.0","1.0","Williams, Mr. Charles Duane","male","51.0","0.0","1.0","PC 17597","61.3792",,"C"
"157","1.0","3.0","Gilnagh, Miss. Katherine ""Katie""","female","16.0","0.0","0.0","35851","7.7333",,"Q"
"162","1.0","2.0","Watt, Mrs. James (Elizabeth ""Bessie"" Inglis Milne)","female","40.0","0.0","0.0","C.A. 33595","15.75",,"S"
"164","0.0","3.0","Calic, Mr. Jovo","male","17.0","0.0","0.0","315093","8.6625",,"S"
"171","0.0","1.0","Van der hoef, Mr. Wyckoff","male","61.0","0.0","0.0","111240","33.5","B19","S"
"173","1.0","3.0","Johnson, Miss. Eleanor Ileen","female","1.0","1.0","1.0","347742","11.1333",,"S"
"175","0.0","1.0","Smith, Mr. James Clinch","male","56.0","0.0","0.0","17764","30.6958","A7","C"
"177","0.0","3.0","Lefebre, Master. Henry Forbes","male",,"3.0","1.0","4133","25.4667",,"S"
"18","1.0","2.0","Williams, Mr. Charles Eugene","male",,"0.0","0.0","244373","13.0",,"S"
"182","0.0","2.0","Pernot, Mr. Rene","male",,"0.0","0.0","SC/PARIS 2131","15.05",,"C"
"184","1.0","2.0","Becker, Master. Richard F","male","1.0","2.0","1.0","230136","39.0","F4","S"
"189","0.0","3.0","Bourke, Mr. John","male","40.0","1.0","1.0","364849","15.5",,"Q"
"192","0.0","2.0","Carbines, Mr. William","male","19.0","0.0","0.0","28424","13.0",,"S"
"193","1.0","3.0","Andersen-Jensen, Miss. Carla Christine Nielsine","female","19.0","1.0","0.0","350046","7.8542",,"S"
"194","1.0","2.0","Navratil, Master. Michel M","male","3.0","1.0","1.0","230080","26.0","F2","S"
"201","0.0","3.0","Vande Walle, Mr. Nestor Cyriel","male","28.0","0.0","0.0","345770","9.5",,"S"
"202","0.0","3.0","Sage, Mr. Frederick","male",,"8.0","2.0","CA. 2343","69.55",,"S"
"204","0.0","3.0","Youseff, Mr. Gerious","male","45.5","0.0","0.0","2628","7.225",,"C"
"209","1.0","3.0","Carr, Miss. Helen ""Ellen""","female","16.0","0.0","0.0","367231","7.75",,"Q"
"213","0.0","3.0","Perkin, Mr. John Henry","male","22.0","0.0","0.0","A/5 21174","7.25",,"S"
"214","0.0","2.0","Givard, Mr. Hans Kristensen","male","30.0","0.0","0.0","250646","13.0",,"S"
"218","0.0","2.0","Jacobsohn, Mr. Sidney Samuel","male","42.0","1.0","0.0","243847","27.0",,"S"
"219","1.0","1.0","Bazzani, Miss. Albina","female","32.0","0.0","0.0","11813","76.2917","D15","C"
"22","1.0","2.0","Beesley, Mr. Lawrence","male","34.0","0.0","0.0","248698","13.0","D56","S"
"224","0.0","3.0","Nenkoff, Mr. Christo","male",,"0.0","0.0","349234","7.8958",,"S"
"226","0.0","3.0","Berglund, Mr. Karl Ivar Sven","male","22.0","0.0","0.0","PP 4348","9.35",,"S"
"231","1.0","1.0","Harris, Mrs. Henry Birkhardt (Irene Wallach)","female","35.0","1.0","0.0","36973","83.475","C83","S"
"233","0.0","2.0","Sjostedt, Mr. Ernst Adolf","male","59.0","0.0","0.0","237442","13.5",,"S"
"236","0.0","3.0","Harknett, Miss. Alice Phoebe","female",,"0.0","0.0","W./C. 6609","7.55",,"S"
"240","0.0","2.0","Hunt, Mr. George Henry","male","33.0","0.0","0.0","SCO/W 1585","12.275",,"S"
"249","1.0","1.0","Beckwith, Mr. Richard Leonard","male","37.0","1.0","1.0","11751","52.5542","D35","S"
"258","1.0","1.0","Cherry, Miss. Gladys","female","30.0","0.0","0.0","110152","86.5","B77","S"
"266","0.0","2.0","Reeves, Mr. David","male","36.0","0.0","0.0","C.A. 17248","10.5",,"S"
"27","0.0","3.0","Emir, Mr. Farred Chehab","male",,"0.0","0.0","2631","7.225",,"C"
"270","1.0","1.0","Bissette, Miss. Amelia","female","35.0","0.0","0.0","PC 17760","135.6333","C99","S"
"272","1.0","3.0","Tornquist, Mr. William Henry","male","25.0","0.0","0.0","LINE","0.0",,"S"
"279","0.0","3.0","Rice, Master. Eric","male","7.0","4.0","1.0","382652","29.125",,"Q"
"280","1.0","3.0","Abbott, Mrs. Stanton (Rosa Hunt)","female","35.0","1.0","1.0","C.A. 2673","20.25",,"S"
"283","0.0","3.0","de Pelsmaeker, Mr. Alfons","male","16.0","0.0","0.0","345778","9.5",,"S"
"286","0.0","3.0","Stankovic, Mr. Ivan","male","33.0","0.0","0.0","349239","8.6625",,"C"
"298","0.0","1.0","Allison, Miss. Helen Loraine","female","2.0","1.0","2.0","113781","151.55","C22 C26","S"
"302","1.0","3.0","McCoy, Mr. Bernard","male",,"2.0","0.0","367226","23.25",,"Q"
"307","1.0","1.0","Fleming, Miss. Margaret","female",,"0.0","0.0","17421","110.8833",,"C"
"308","1.0","1.0","Penasco y Castellana, Mrs. Victor de Satode (Maria Josefa Perez de Soto y Vallejo)","female","17.0","1.0","0.0","PC 17758","108.9","C65","C"
"315","0.0","2.0","Hart, Mr. Benjamin","male","43.0","1.0","1.0","F.C.C. 13529","26.25",,"S"
"321","0.0","3.0","Dennis, Mr. Samuel","male","22.0","0.0","0.0","A/5 21172","7.25",,"S"
"324","1.0","2.0","Caldwell, Mrs. Albert Francis (Sylvia Mae Harbaugh)","female","22.0","1.0","1.0","248738","29.0",,"S"
"33","1.0","3.0","Glynn, Miss. Mary Agatha","female",,"0.0","0.0","335677","7.75",,"Q"
"331","1.0","3.0","McCoy, Miss. Agnes","female",,"2.0","0.0","367226","23.25",,"Q"
"332","0.0","1.0","Partner, Mr. Austen","male","45.5","0.0","0.0","113043","28.5","C124","S"
"336","0.0","3.0","Denkoff, Mr. Mitto","male",,"0.0","0.0","349225","7.8958",,"S"
"341","1.0","2.0","Navratil, Master. Edmond Roger","male","2.0","1.0","1.0","230080","26.0","F2","S"
"349","1.0","3.0","Coutts, Master. William Loch ""William""","male","3.0","1.0","1.0","C.A. 37671","15.9",,"S"
"355","0.0","3.0","Yousif, Mr. Wazli","male",,"0.0","0.0","2647","7.225",,"C"
"357","1.0","1.0","Bowerman, Miss. Elsie Edith","female","22.0","0.0","1.0","113505","55.0","E33","S"
"36","0.0","1.0","Holverson, Mr. Alexander Oskar","male","42.0","1.0","0.0","113789","52.0",,"S"
"361","0.0","3.0","Skoog, Mr. Wilhelm","male","40.0","1.0","4.0","347088","27.9",,"S"
"366","0.0","3.0","Adahl, Mr. Mauritz Nils Martin","male","30.0","0.0","0.0","C 7076","7.25",,"S"
"368","1.0","3.0","Moussa, Mrs. (Mantoura Boulos)","female",,"0.0","0.0","2626","7.2292",,"C"
"370","1.0","1.0","Aubart, Mme. Leontine Pauline","female","24.0","0.0","0.0","PC 17477","69.3","B35","C"
"374","0.0","1.0","Ringhini, Mr. Sante","male","22.0","0.0","0.0","PC 17760","135.6333",,"C"
"377","1.0","3.0","Landergren, Miss. Aurora Adelia","female","22.0","0.0","0.0","C 7077","7.25",,"S"
"38","0.0","3.0","Cann, Mr. Ernest Charles","male","21.0","0.0","0.0","A./5. 2152","8.05",,"S"
"382","1.0","3.0","Nakid, Miss. Maria (""Mary"")","female","1.0","0.0","2.0","2653","15.7417",,"C"
"383","0.0","3.0","Tikkanen, Mr. Juho","male","32.0","0.0","0.0","STON/O 2. 3101293","7.925",,"S"
"391","1.0","1.0","Carter, Mr. William Ernest","male","36.0","1.0","2.0","113760","120.0","B96 B98","S"
"392","1.0","3.0","Jansson, Mr. Carl Olof","male","21.0","0.0","0.0","350034","7.7958",,"S"
"395","1.0","3.0","Sandstrom, Mrs. Hjalmar (Agnes Charlotta Bengtsson)","female","24.0","0.0","2.0","PP 9549","16.7","G6","S"
"40","1.0","3.0","Nicola-Yarred, Miss. Jamila","female","14.0","1.0","0.0","2651","11.2417",,"C"
"402","0.0","3.0","Adams, Mr. John","male","26.0","0.0","0.0","341826","8.05",,"S"
"403","0.0","3.0","Jussila, Miss. Mari Aina","female","21.0","1.0","0.0","4137","9.825",,"S"
"404","0.0","3.0","Hakkarainen, Mr. Pekka Pietari","male","28.0","1.0","0.0","STON/O2. 3101279","15.85",,"S"
"410","0.0","3.0","Lefebre, Miss. Ida","female",,"3.0","1.0","4133","25.4667",,"S"
"417","1.0","2.0","Drew, Mrs. James Vivian (Lulu Thorne Christian)","female","34.0","1.0","1.0","28220","32.5",,"S"
"418","1.0","2.0","Silven, Miss. Lyyli Karoliina","female","18.0","0.0","2.0","250652","13.0",,"S"
"419","0.0","2.0","Matthews, Mr. William John","male","30.0","0.0","0.0","28228","13.0",,"S"
"42","0.0","2.0","Turpin, Mrs. William John Robert (Dorothy Ann Wonnacott)","female","27.0","1.0","0.0","11668","21.0",,"S"
"427","1.0","2.0","Clarke, Mrs. Charles V (Ada Maria Winfield)","female","28.0","1.0","0.0","2003","26.0",,"S"
"432","1.0","3.0","Thorneycroft, Mrs. Percival (Florence Kate White)","female",,"1.0","0.0","376564","16.1",,"S"
"437","0.0","3.0","Ford, Miss. Doolina Margaret ""Daisy""","female","21.0","2.0","2.0","W./C. 6608","34.375",,"S"
"439","0.0","1.0","Fortune, Mr. Mark","male","64.0","1.0","4.0","19950","263.0","C23 C25 C27","S"
"44","1.0","2.0","Laroche, Miss. Simonne Marie Anne Andree","female","3.0","1.0","2.0","SC/Paris 2123","41.5792",,"C"
"442","0.0","3.0","Hampe, Mr. Leon","male","20.0","0.0","0.0","345769","9.5",,"S"
"45","1.0","3.0","Devaney, Miss. Margaret Delia","female","19.0","0.0","0.0","330958","7.8792",,"Q"
"46","0.0","3.0","Rogers, Mr. William John","male",,"0.0","0.0","S.C./A.4. 23567","8.05",,"S"
"48","1.0","3.0","O'Driscoll, Miss. Bridget","female",,"0.0","0.0","14311","7.75",,"Q"
"50","0.0","3.0","Arnold-Franchi, Mrs. Josef (Josefine Franchi)","female","18.0","1.0","0.0","349237","17.8",,"S"
"52","0.0","3.0","Nosworthy, Mr. Richard Cater","male","21.0","0.0","0.0","A/4. 39886","7.8",,"S"
"53","1.0","1.0","Harper, Mrs. Henry Sleeper (Myna Haxtun)","female","49.0","1.0","0.0","PC 17572","76.7292","D33","C"
"55","0.0","1.0","Ostby, Mr. Engelhart Cornelius","male","65.0","0.0","1.0","113509","61.9792","B30","C"
"56","1.0","1.0","Woolner, Mr. Hugh","male",,"0.0","0.0","19947","35.5","C52","S"
"60","0.0","3.0","Goodwin, Master. William Frederick","male","11.0","5.0","2.0","CA 2144","46.9",,"S"
"64","0.0","3.0","Skoog, Master. Harald","male","4.0","3.0","2.0","347088","27.9",,"S"
"66","1.0","3.0","Moubarek, Master. Gerios","male",,"1.0","1.0","2661","15.2458",,"C"
"70","0.0","3.0","Kink, Mr. Vincenz","male","26.0","2.0","0.0","315151","8.6625",,"S"
"72","0.0","3.0","Goodwin, Miss. Lillian Amy","female","16.0","5.0","2.0","CA 2144","46.9",,"S"
"75","1.0","3.0","Bing, Mr. Lee","male","32.0","0.0","0.0","1601","56.4958",,"S"
"77","0.0","3.0","Staneff, Mr. Ivan","male",,"0.0","0.0","349208","7.8958",,"S"
"81","0.0","3.0","Waelens, Mr. Achille","male","22.0","0.0","0.0","345767","9.0",,"S"
"83","1.0","3.0","McDermott, Miss. Brigdet Delia","female",,"0.0","0.0","330932","7.7875",,"Q"
"86","1.0","3.0","Backstrom, Mrs. Karl Alfred (Maria Mathilda Gustafsson)","female","33.0","3.0","0.0","3101278","15.85",,"S"
"88","0.0","3.0","Slocovski, Mr. Selman Francis","male",,"0.0","0.0","SOTON/OQ 392086","8.05",,"S"
"92","0.0","3.0","Andreasson, Mr. Paul Edvin","male","20.0","0.0","0.0","347466","7.8542",,"S"
"95","0.0","3.0","Coxon, Mr. Daniel","male","59.0","0.0","0.0","364500","7.25",,"S"
"97","0.0","1.0","Goldschmidt, Mr. George B","male","71.0","0.0","0.0","PC 17754","34.6542","A5","C"
"98","1.0","1.0","Greenfield, Mr. William Bertram","male","23.0","0.0","1.0","PC 17759","63.3583","D10 D12","C"
"102","0.0","3.0","Petroff, Mr. Pastcho (""Pentcho"")","male",,"0.0","0.0","349215","7.8958",,"S"
"107","1.0","3.0","Salkjelsvik, Miss. Anna Kristine","female","21.0","0.0","0.0","343120","7.65",,"S"
"115","0.0","3.0","Attalah, Miss. Malake","female","17.0","0.0","0.0","2627","14.4583",,"C"
"117","0.0","3.0","Connors, Mr. Patrick","male","70.5","0.0","0.0","370369","7.75",,"Q"
"13","0.0","3.0","Saundercock, Mr. William Henry","male","20.0","0.0","0.0","A/5. 2151","8.05",,"S"
"136","0.0","2.0","Richard, Mr. Emile","male","23.0","0.0","0.0","SC/PARIS 2133","15.0458",,"C"
"142","1.0","3.0","Nysten, Miss. Anna Sofia","female","22.0","0.0","0.0","347081","7.75",,"S"
"144","0.0","3.0","Burke, Mr. Jeremiah","male","19.0","0.0","0.0","365222","6.75",,"Q"
"150","0.0","2.0","Byles, Rev. Thomas Roussel Davids","male","42.0","0.0","0.0","244310","13.0",,"S"
"151","0.0","2.0","Bateman, Rev. Robert James","male","51.0","0.0","0.0","S.O.P. 1166","12.525",,"S"
"158","0.0","3.0","Corn, Mr. Harry","male","30.0","0.0","0.0","SOTON/OQ 392090","8.05",,"S"
"169","0.0","1.0","Baumann, Mr. John D","male",,"0.0","0.0","PC 17318","25.925",,"S"
"17","0.0","3.0","Rice, Master. Eugene","male","2.0","4.0","1.0","382652","29.125",,"Q"
"170","0.0","3.0","Ling, Mr. Lee","male","28.0","0.0","0.0","1601","56.4958",,"S"
"176","0.0","3.0","Klasen, Mr. Klas Albin","male","18.0","1.0","1.0","350404","7.8542",,"S"
"178","0.0","1.0","Isham, Miss. Ann Elizabeth","female","50.0","0.0","0.0","PC 17595","28.7125","C49","C"
"10","1.0","2.0","Nasser, Mrs. Nicholas (Adele Achem)","female","14.0","1.0","0.0","237736","30.0708",,"C"
"185","1.0","3.0","Kink-Heilmann, Miss. Luise Gretchen","female","4.0","0.0","2.0","315153","22.025",,"S"
"101","0.0","3.0","Petranec, Miss. Matilda","female","28.0","0.0","0.0","349245","7.8958",,"S"
"187","1.0","3.0","O'Brien, Mrs. Thomas (Johanna ""Hannah"" Godfrey)","female",,"1.0","0.0","370365","15.5",,"Q"
"105","0.0","3.0","Gustafsson, Mr. Anders Vilhelm","male","37.0","2.0","0.0","3101276","7.925",,"S"
"195","1.0","1.0","Brown, Mrs. James Joseph (Margaret Tobin)","female","44.0","0.0","0.0","PC 17610","27.7208","B4","C"
"110","1.0","3.0","Moran, Miss. Bertha","female",,"1.0","0.0","371110","24.15",,"Q"
"196","1.0","1.0","Lurette, Miss. Elise","female","58.0","0.0","0.0","PC 17569","146.5208","B80","C"
"118","0.0","2.0","Turpin, Mr. William John Robert","male","29.0","1.0","0.0","11668","21.0",,"S"
"2","1.0","1.0","Cumings, Mrs. John Bradley (Florence Briggs Thayer)","female","38.0","1.0","0.0","PC 17599","71.2833","C85","C"
"122","0.0","3.0","Moore, Mr. Leonard Charles","male",,"0.0","0.0","A4. 54510","8.05",,"S"
"200","0.0","2.0","Yrois, Miss. Henriette (""Mrs Harbeck"")","female","24.0","0.0","0.0","248747","13.0",,"S"
"123","0.0","2.0","Nasser, Mr. Nicholas","male","32.5","1.0","0.0","237736","30.0708",,"C"
"206","0.0","3.0","Strom, Miss. Telma Matilda","female","2.0","0.0","1.0","347054","10.4625","G6","S"
"127","0.0","3.0","McMahon, Mr. Martin","male",,"0.0","0.0","370372","7.75",,"Q"
"207","0.0","3.0","Backstrom, Mr. Karl Alfred","male","32.0","1.0","0.0","3101278","15.85",,"S"
"129","1.0","3.0","Peter, Miss. Anna","female",,"1.0","1.0","2668","22.3583","F E69","C"
"208","1.0","3.0","Albimona, Mr. Nassef Cassem","male","26.0","0.0","0.0","2699","18.7875",,"C"
"133","0.0","3.0","Robins, Mrs. Alexander A (Grace Charity Laury)","female","47.0","1.0","0.0","A/5. 3337","14.5",,"S"
"21","0.0","2.0","Fynney, Mr. Joseph J","male","35.0","0.0","0.0","239865","26.0",,"S"
"137","1.0","1.0","Newsom, Miss. Helen Monypeny","female","19.0","0.0","2.0","11752","26.2833","D47","S"
"215","0.0","3.0","Kiernan, Mr. Philip","male",,"1.0","0.0","367229","7.75",,"Q"
"141","0.0","3.0","Boulos, Mrs. Joseph (Sultana)","female",,"0.0","2.0","2678","15.2458",,"C"
"221","1.0","3.0","Sunderland, Mr. Victor Francis","male","16.0","0.0","0.0","SOTON/OQ 392089","8.05",,"S"
"143","1.0","3.0","Hakkarainen, Mrs. Pekka Pietari (Elin Matilda Dolck)","female","24.0","1.0","0.0","STON/O2. 3101279","15.85",,"S"
"223","0.0","3.0","Green, Mr. George Henry","male","51.0","0.0","0.0","21440","8.05",,"S"
"145","0.0","2.0","Andrew, Mr. Edgardo Samuel","male","18.0","0.0","0.0","231945","11.5",,"S"
"225","1.0","1.0","Hoyt, Mr. Frederick Maxfield","male","38.0","1.0","0.0","19943","90.0","C93","S"
"15","0.0","3.0","Vestrom, Miss. Hulda Amanda Adolfina","female","14.0","0.0","0.0","350406","7.8542",,"S"
"230","0.0","3.0","Lefebre, Miss. Mathilde","female",,"3.0","1.0","4133","25.4667",,"S"
"152","1.0","1.0","Pears, Mrs. Thomas (Edith Wearne)","female","22.0","1.0","0.0","113776","66.6","C2","S"
"232","0.0","3.0","Larsson, Mr. Bengt Edvin","male","29.0","0.0","0.0","347067","7.775",,"S"
"153","0.0","3.0","Meo, Mr. Alfonzo","male","55.5","0.0","0.0","A.5. 11206","8.05",,"S"
"234","1.0","3.0","Asplund, Miss. Lillian Gertrud","female","5.0","4.0","2.0","347077","31.3875",,"S"
"155","0.0","3.0","Olsen, Mr. Ole Martin","male",,"0.0","0.0","Fa 265302","7.3125",,"S"
"235","0.0","2.0","Leyson, Mr. Robert William Norman","male","24.0","0.0","0.0","C.A. 29566","10.5",,"S"
"159","0.0","3.0","Smiljanic, Mr. Mile","male",,"0.0","0.0","315037","8.6625",,"S"
"239","0.0","2.0","Pengelly, Mr. Frederick William","male","19.0","0.0","0.0","28665","10.5",,"S"
"161","0.0","3.0","Cribb, Mr. John Hatfield","male","44.0","0.0","1.0","371362","16.1",,"S"
"241","0.0","3.0","Zabour, Miss. Thamine","female",,"1.0","0.0","2665","14.4542",,"C"
"163","0.0","3.0","Bengtsson, Mr. John Viktor","male","26.0","0.0","0.0","347068","7.775",,"S"
"243","0.0","2.0","Coleridge, Mr. Reginald Charles","male","29.0","0.0","0.0","W./C. 14263","10.5",,"S"
"166","1.0","3.0","Goldsmith, Master. Frank John William ""Frankie""","male","9.0","0.0","2.0","363291","20.525",,"S"
"245","0.0","3.0","Attalah, Mr. Sleiman","male","30.0","0.0","0.0","2694","7.225",,"C"
"167","1.0","1.0","Chibnall, Mrs. (Edith Martha Bowerman)","female",,"0.0","1.0","113505","55.0","E33","S"
"25","0.0","3.0","Palsson, Miss. Torborg Danira","female","8.0","3.0","1.0","349909","21.075",,"S"
"174","0.0","3.0","Sivola, Mr. Antti Wilhelm","male","21.0","0.0","0.0","STON/O 2. 3101280","7.925",,"S"
"250","0.0","2.0","Carter, Rev. Ernest Courtenay","male","54.0","1.0","0.0","244252","26.0",,"S"
"179","0.0","2.0","Hale, Mr. Reginald","male","30.0","0.0","0.0","250653","13.0",,"S"
"251","0.0","3.0","Reed, Mr. James George","male",,"0.0","0.0","362316","7.25",,"S"
"180","0.0","3.0","Leonard, Mr. Lionel","male","36.0","0.0","0.0","LINE","0.0",,"S"
"255","0.0","3.0","Rosblom, Mrs. Viktor (Helena Wilhelmina)","female","41.0","0.0","2.0","370129","20.2125",,"S"
"183","0.0","3.0","Asplund, Master. Clarence Gustaf Hugo","male","9.0","4.0","2.0","347077","31.3875",,"S"
"256","1.0","3.0","Touma, Mrs. Darwis (Hanne Youssef Razi)","female","29.0","0.0","2.0","2650","15.2458",,"C"
"186","0.0","1.0","Rood, Mr. Hugh Roscoe","male",,"0.0","0.0","113767","50.0","A32","S"
"257","1.0","1.0","Thorne, Mrs. Gertrude Maybelle","female",,"0.0","0.0","PC 17585","79.2",,"C"
"188","1.0","1.0","Romaine, Mr. Charles Hallace (""Mr C Rolmane"")","male","45.0","0.0","0.0","111428","26.55",,"S"
"261","0.0","3.0","Smith, Mr. Thomas","male",,"0.0","0.0","384461","7.75",,"Q"
"19","0.0","3.0","Vander Planke, Mrs. Julius (Emelia Maria Vandemoortele)","female","31.0","1.0","0.0","345763","18.0",,"S"
"262","1.0","3.0","Asplund, Master. Edvin Rojj Felix","male","3.0","4.0","2.0","347077","31.3875",,"S"
"190","0.0","3.0","Turcin, Mr. Stjepan","male","36.0","0.0","0.0","349247","7.8958",,"S"
"263","0.0","1.0","Taussig, Mr. Emil","male","52.0","1.0","1.0","110413","79.65","E67","S"
"191","1.0","2.0","Pinsky, Mrs. (Rosa)","female","32.0","0.0","0.0","234604","13.0",,"S"
"267","0.0","3.0","Panula, Mr. Ernesti Arvid","male","16.0","4.0","1.0","3101295","39.6875",,"S"
"197","0.0","3.0","Mernagh, Mr. Robert","male",,"0.0","0.0","368703","7.75",,"Q"
"274","0.0","1.0","Natsch, Mr. Charles H","male","37.0","0.0","1.0","PC 17596","29.7","C118","C"
"198","0.0","3.0","Olsen, Mr. Karl Siegwart Andreas","male","42.0","0.0","1.0","4579","8.4042",,"S"
"275","1.0","3.0","Healy, Miss. Hanora ""Nora""","female",,"0.0","0.0","370375","7.75",,"Q"
"199","1.0","3.0","Madigan, Miss. Margaret ""Maggie""","female",,"0.0","0.0","370370","7.75",,"Q"
"276","1.0","1.0","Andrews, Miss. Kornelia Theodosia","female","63.0","1.0","0.0","13502","77.9583","D7","S"
"205","1.0","3.0","Cohen, Mr. Gurshon ""Gus""","male","18.0","0.0","0.0","A/5 3540","8.05",,"S"
"281","0.0","3.0","Duane, Mr. Frank","male","65.0","0.0","0.0","336439","7.75",,"Q"
"210","1.0","1.0","Blank, Mr. Henry","male","40.0","0.0","0.0","112277","31.0","A31","C"
"284","1.0","3.0","Dorking, Mr. Edward Arthur","male","19.0","0.0","0.0","A/5. 10482","8.05",,"S"
"211","0.0","3.0","Ali, Mr. Ahmed","male","24.0","0.0","0.0","SOTON/O.Q. 3101311","7.05",,"S"
"287","1.0","3.0","de Mulder, Mr. Theodore","male","30.0","0.0","0.0","345774","9.5",,"S"
"212","1.0","2.0","Cameron, Miss. Clear Annie","female","35.0","0.0","0.0","F.C.C. 13528","21.0",,"S"
"290","1.0","3.0","Connolly, Miss. Kate","female","22.0","0.0","0.0","370373","7.75",,"Q"
"216","1.0","1.0","Newell, Miss. Madeleine","female","31.0","1.0","0.0","35273","113.275","D36","C"
"291","1.0","1.0","Barber, Miss. Ellen ""Nellie""","female","26.0","0.0","0.0","19877","78.85",,"S"
"220","0.0","2.0","Harris, Mr. Walter","male","30.0","0.0","0.0","W/C 14208","10.5",,"S"
"294","0.0","3.0","Haas, Miss. Aloisia","female","24.0","0.0","0.0","349236","8.85",,"S"
"227","1.0","2.0","Mellors, Mr. William John","male","19.0","0.0","0.0","SW/PP 751","10.5",,"S"
"295","0.0","3.0","Mineff, Mr. Ivan","male","24.0","0.0","0.0","349233","7.8958",,"S"
"228","0.0","3.0","Lovell, Mr. John Hall (""Henry"")","male","20.5","0.0","0.0","A/5 21173","7.25",,"S"
"297","0.0","3.0","Hanna, Mr. Mansour","male","23.5","0.0","0.0","2693","7.2292",,"C"
"229","0.0","2.0","Fahlstrom, Mr. Arne Jonas","male","18.0","0.0","0.0","236171","13.0",,"S"
"301","1.0","3.0","Kelly, Miss. Anna Katherine ""Annie Kate""","female",,"0.0","0.0","9234","7.75",,"Q"
"237","0.0","2.0","Hold, Mr. Stephen","male","44.0","1.0","0.0","26707","26.0",,"S"
"304","1.0","2.0","Keane, Miss. Nora A","female",,"0.0","0.0","226593","12.35","E101","Q"
"238","1.0","2.0","Collyer, Miss. Marjorie ""Lottie""","female","8.0","0.0","2.0","C.A. 31921","26.25",,"S"
"305","0.0","3.0","Williams, Mr. Howard Hugh ""Harry""","male",,"0.0","0.0","A/5 2466","8.05",,"S"
"24","1.0","1.0","Sloper, Mr. William Thompson","male","28.0","0.0","0.0","113788","35.5","A6","S"
"309","0.0","2.0","Abelson, Mr. Samuel","male","30.0","1.0","0.0","P/PP 3381","24.0",,"C"
"242","1.0","3.0","Murphy, Miss. Katherine ""Kate""","female",,"1.0","0.0","367230","15.5",,"Q"
"312","1.0","1.0","Ryerson, Miss. Emily Borie","female","18.0","2.0","2.0","PC 17608","262.375","B57 B59 B63 B66","C"
"244","0.0","3.0","Maenpaa, Mr. Matti Alexanteri","male","22.0","0.0","0.0","STON/O 2. 3101275","7.125",,"S"
"316","1.0","3.0","Nilsson, Miss. Helmina Josefina","female","26.0","0.0","0.0","347470","7.8542",,"S"
"246","0.0","1.0","Minahan, Dr. William Edward","male","44.0","2.0","0.0","19928","90.0","C78","Q"
"317","1.0","2.0","Kantor, Mrs. Sinai (Miriam Sternin)","female","24.0","1.0","0.0","244367","26.0",,"S"
"247","0.0","3.0","Lindahl, Miss. Agda Thorilda Viktoria","female","25.0","0.0","0.0","347071","7.775",,"S"
"319","1.0","1.0","Wick, Miss. Mary Natalie","female","31.0","0.0","2.0","36928","164.8667","C7","S"
"252","0.0","3.0","Strom, Mrs. Wilhelm (Elna Matilda Persson)","female","29.0","1.0","1.0","347054","10.4625","G6","S"
"320","1.0","1.0","Spedden, Mrs. Frederic Oakley (Margaretta Corning Stone)","female","40.0","1.0","1.0","16966","134.5","E34","C"
"253","0.0","1.0","Stead, Mr. William Thomas","male","62.0","0.0","0.0","113514","26.55","C87","S"
"325","0.0","3.0","Sage, Mr. George John Jr","male",,"8.0","2.0","CA. 2343","69.55",,"S"
"254","0.0","3.0","Lobb, Mr. William Arthur","male","30.0","1.0","0.0","A/5. 3336","16.1",,"S"
"259","1.0","1.0","Ward, Miss. Anna","female","35.0","0.0","0.0","PC 17755","512.3292",,"C"
"327","0.0","3.0","Nysveen, Mr. Johan Hansen","male","61.0","0.0","0.0","345364","6.2375",,"S"
"260","1.0","2.0","Parrish, Mrs. (Lutie Davis)","female","50.0","0.0","1.0","230433","26.0",,"S"
"328","1.0","2.0","Ball, Mrs. (Ada E Hall)","female","36.0","0.0","0.0","28551","13.0","D","S"
"264","0.0","1.0","Harrison, Mr. William","male","40.0","0.0","0.0","112059","0.0","B94","S"
"268","1.0","3.0","Persson, Mr. Ernst Ulrik","male","25.0","1.0","0.0","347083","7.775",,"S"
"269","1.0","1.0","Graham, Mrs. William Thompson (Edith Junkins)","female","58.0","0.0","1.0","PC 17582","153.4625","C125","S"
"333","0.0","1.0","Graham, Mr. George Edward","male","38.0","0.0","1.0","PC 17582","153.4625","C91","S"
"271","0.0","1.0","Cairns, Mr. Alexander","male",,"0.0","0.0","113798","31.0",,"S"
"277","0.0","3.0","Lindblom, Miss. Augusta Charlotta","female","45.0","0.0","0.0","347073","7.75",,"S"
"335","1.0","1.0","Frauenthal, Mrs. Henry William (Clara Heinsheimer)","female",,"1.0","0.0","PC 17611","133.65",,"S"
"278","0.0","2.0","Parkes, Mr. Francis ""Frank""","male",,"0.0","0.0","239853","0.0",,"S"
"337","0.0","1.0","Pears, Mr. Thomas Clinton","male","29.0","1.0","0.0","113776","66.6","C2","S"
"282","0.0","3.0","Olsson, Mr. Nils Johan Goransson","male","28.0","0.0","0.0","347464","7.8542",,"S"
"344","0.0","2.0","Sedgwick, Mr. Charles Frederick Waddington","male","25.0","0.0","0.0","244361","13.0",,"S"
"285","0.0","1.0","Smith, Mr. Richard William","male",,"0.0","0.0","113056","26.0","A19","S"
"345","0.0","2.0","Fox, Mr. Stanley Hubert","male","36.0","0.0","0.0","229236","13.0",,"S"
"288","0.0","3.0","Naidenoff, Mr. Penko","male","22.0","0.0","0.0","349206","7.8958",,"S"
"346","1.0","2.0","Brown, Miss. Amelia ""Mildred""","female","24.0","0.0","0.0","248733","13.0","F33","S"
"289","1.0","2.0","Hosono, Mr. Masabumi","male","42.0","0.0","0.0","237798","13.0",,"S"
"35","0.0","1.0","Meyer, Mr. Edgar Joseph","male","28.0","1.0","0.0","PC 17604","82.1708",,"C"
"292","1.0","1.0","Bishop, Mrs. Dickinson H (Helen Walton)","female","19.0","1.0","0.0","11967","91.0792","B49","C"
"350","0.0","3.0","Dimic, Mr. Jovan","male","42.0","0.0","0.0","315088","8.6625",,"S"
"293","0.0","2.0","Levy, Mr. Rene Jacques","male","36.0","0.0","0.0","SC/Paris 2163","12.875","D","C"
"352","0.0","1.0","Williams-Lambert, Mr. Fletcher Fellows","male",,"0.0","0.0","113510","35.0","C128","S"
"296","0.0","1.0","Lewy, Mr. Ervin G","male",,"0.0","0.0","PC 17612","27.7208",,"C"
"353","0.0","3.0","Elias, Mr. Tannous","male","15.0","1.0","1.0","2695","7.2292",,"C"
"299","1.0","1.0","Saalfeld, Mr. Adolphe","male",,"0.0","0.0","19988","30.5","C106","S"
"358","0.0","2.0","Funk, Miss. Annie Clemmer","female","38.0","0.0","0.0","237671","13.0",,"S"
"3","1.0","3.0","Heikkinen, Miss. Laina","female","26.0","0.0","0.0","STON/O2. 3101282","7.925",,"S"
"359","1.0","3.0","McGovern, Miss. Mary","female",,"0.0","0.0","330931","7.8792",,"Q"
"300","1.0","1.0","Baxter, Mrs. James (Helene DeLaudeniere Chaput)","female","50.0","0.0","1.0","PC 17558","247.5208","B58 B60","C"
"362","0.0","2.0","del Carlo, Mr. Sebastiano","male","29.0","1.0","0.0","SC/PARIS 2167","27.7208",,"C"
"306","1.0","1.0","Allison, Master. Hudson Trevor","male","0.92","1.0","2.0","113781","151.55","C22 C26","S"
"367","1.0","1.0","Warren, Mrs. Frank Manley (Anna Sophia Atkinson)","female","60.0","1.0","0.0","110813","75.25","D37","C"
"310","1.0","1.0","Francatelli, Miss. Laura Mabel","female","30.0","0.0","0.0","PC 17485","56.9292","E36","C"
"369","1.0","3.0","Jermyn, Miss. Annie","female",,"0.0","0.0","14313","7.75",,"Q"
"313","0.0","2.0","Lahtinen, Mrs. William (Anna Sylfven)","female","26.0","1.0","1.0","250651","26.0",,"S"
"375","0.0","3.0","Palsson, Miss. Stina Viola","female","3.0","3.0","1.0","349909","21.075",,"S"
"314","0.0","3.0","Hendekovic, Mr. Ignjac","male","28.0","0.0","0.0","349243","7.8958",,"S"
"378","0.0","1.0","Widener, Mr. Harry Elkins","male","27.0","0.0","2.0","113503","211.5","C82","C"
"318","0.0","2.0","Moraweck, Dr. Ernest","male","54.0","0.0","0.0","29011","14.0",,"S"
"379","0.0","3.0","Betros, Mr. Tannous","male","20.0","0.0","0.0","2648","4.0125",,"C"
"322","0.0","3.0","Danoff, Mr. Yoto","male","27.0","0.0","0.0","349219","7.8958",,"S"
"384","1.0","1.0","Holverson, Mrs. Alexander Oskar (Mary Aline Towner)","female","35.0","1.0","0.0","113789","52.0",,"S"
"326","1.0","1.0","Young, Miss. Marie Grice","female","36.0","0.0","0.0","PC 17760","135.6333","C32","C"
"385","0.0","3.0","Plotcharsky, Mr. Vasil","male",,"0.0","0.0","349227","7.8958",,"S"
"329","1.0","3.0","Goldsmith, Mrs. Frank John (Emily Alice Brown)","female","31.0","1.0","1.0","363291","20.525",,"S"
"389","0.0","3.0","Sadlier, Mr. Matthew","male",,"0.0","0.0","367655","7.7292",,"Q"
"330","1.0","1.0","Hippach, Miss. Jean Gertrude","female","16.0","0.0","1.0","111361","57.9792","B18","C"
"394","1.0","1.0","Newell, Miss. Marjorie","female","23.0","1.0","0.0","35273","113.275","D36","C"
"334","0.0","3.0","Vander Planke, Mr. Leo Edmondus","male","16.0","2.0","0.0","345764","18.0",,"S"
"396","0.0","3.0","Johansson, Mr. Erik","male","22.0","0.0","0.0","350052","7.7958",,"S"
"338","1.0","1.0","Burns, Miss. Elizabeth Margaret","female","41.0","0.0","0.0","16966","134.5","E40","C"
"400","1.0","2.0","Trout, Mrs. William H (Jessie L)","female","28.0","0.0","0.0","240929","12.65",,"S"
"339","1.0","3.0","Dahl, Mr. Karl Edwart","male","45.0","0.0","0.0","7598","8.05",,"S"
"405","0.0","3.0","Oreskovic, Miss. Marija","female","20.0","0.0","0.0","315096","8.6625",,"S"
"342","1.0","1.0","Fortune, Miss. Alice Elizabeth","female","24.0","3.0","2.0","19950","263.0","C23 C25 C27","S"
"408","1.0","2.0","Richards, Master. William Rowe","male","3.0","1.0","1.0","29106","18.75",,"S"
"347","1.0","2.0","Smith, Miss. Marion Elsie","female","40.0","0.0","0.0","31418","13.0",,"S"
"409","0.0","3.0","Birkeland, Mr. Hans Martin Monsen","male","21.0","0.0","0.0","312992","7.775",,"S"
"351","0.0","3.0","Odahl, Mr. Nils Martin","male","23.0","0.0","0.0","7267","9.225",,"S"
"41","0.0","3.0","Ahlin, Mrs. Johan (Johanna Persdotter Larsson)","female","40.0","1.0","0.0","7546","9.475",,"S"
"354","0.0","3.0","Arnold-Franchi, Mr. Josef","male","25.0","1.0","0.0","349237","17.8",,"S"
"415","1.0","3.0","Sundman, Mr. Johan Julian","male","44.0","0.0","0.0","STON/O 2. 3101269","7.925",,"S"
"360","1.0","3.0","Mockler, Miss. Helen Mary ""Ellie""","female",,"0.0","0.0","330980","7.8792",,"Q"
"416","0.0","3.0","Meek, Mrs. Thomas (Annie Louise Rowley)","female",,"0.0","0.0","343095","8.05",,"S"
"363","0.0","3.0","Barbara, Mrs. (Catherine David)","female","45.0","0.0","1.0","2691","14.4542",,"C"
"422","0.0","3.0","Charters, Mr. David","male","21.0","0.0","0.0","A/5. 13032","7.7333",,"Q"
"37","1.0","3.0","Mamee, Mr. Hanna","male",,"0.0","0.0","2677","7.2292",,"C"
"424","0.0","3.0","Danbom, Mrs. Ernst Gilbert (Anna Sigrid Maria Brogren)","female","28.0","1.0","1.0","347080","14.4",,"S"
"371","1.0","1.0","Harder, Mr. George Achilles","male","25.0","1.0","0.0","11765","55.4417","E50","C"
"425","0.0","3.0","Rosblom, Mr. Viktor Richard","male","18.0","1.0","1.0","370129","20.2125",,"S"
"372","0.0","3.0","Wiklund, Mr. Jakob Alfred","male","18.0","1.0","0.0","3101267","6.4958",,"S"
"429","0.0","3.0","Flynn, Mr. James","male",,"0.0","0.0","364851","7.75",,"Q"
"376","1.0","1.0","Meyer, Mrs. Edgar Joseph (Leila Saks)","female",,"1.0","0.0","PC 17604","82.1708",,"C"
"433","1.0","2.0","Louch, Mrs. Charles Alexander (Alice Adelaide Slow)","female","42.0","1.0","0.0","SC/AH 3085","26.0",,"S"
"380","0.0","3.0","Gustafsson, Mr. Karl Gideon","male","19.0","0.0","0.0","347069","7.775",,"S"
"436","1.0","1.0","Carter, Miss. Lucile Polk","female","14.0","1.0","2.0","113760","120.0","B96 B98","S"
"387","0.0","3.0","Goodwin, Master. Sidney Leonard","male","1.0","5.0","2.0","CA 2144","46.9",,"S"
"440","0.0","2.0","Kvillner, Mr. Johan Henrik Johannesson","male","31.0","0.0","0.0","C.A. 18723","10.5",,"S"
"388","1.0","2.0","Buss, Miss. Kate","female","36.0","0.0","0.0","27849","13.0",,"S"
"443","0.0","3.0","Petterson, Mr. Johan Emil","male","25.0","1.0","0.0","347076","7.775",,"S"
"393","0.0","3.0","Gustafsson, Mr. Johan Birger","male","28.0","2.0","0.0","3101277","7.925",,"S"
"51","0.0","3.0","Panula, Master. Juha Niilo","male","7.0","4.0","1.0","3101295","39.6875",,"S"
"397","0.0","3.0","Olsson, Miss. Elina","female","31.0","0.0","0.0","350407","7.8542",,"S"
"58","0.0","3.0","Novel, Mr. Mansouer","male","28.5","0.0","0.0","2697","7.2292",,"C"
"398","0.0","2.0","McKane, Mr. Peter David","male","46.0","0.0","0.0","28403","26.0",,"S"
"62","1.0","1.0","Icard, Miss. Amelie","female","38.0","0.0","0.0","113572","80.0","B28",
"406","0.0","2.0","Gale, Mr. Shadrach","male","34.0","1.0","0.0","28664","21.0",,"S"
"69","1.0","3.0","Andersson, Miss. Erna Alexandra","female","17.0","4.0","2.0","3101281","7.925",,"S"
"411","0.0","3.0","Sdycoff, Mr. Todor","male",,"0.0","0.0","349222","7.8958",,"S"
"7","0.0","1.0","McCarthy, Mr. Timothy J","male","54.0","0.0","0.0","17463","51.8625","E46","S"
"412","0.0","3.0","Hart, Mr. Henry","male",,"0.0","0.0","394140","6.8583",,"Q"
"74","0.0","3.0","Chronopoulos, Mr. Apostolos","male","26.0","1.0","0.0","2680","14.4542",,"C"
"413","1.0","1.0","Minahan, Miss. Daisy E","female","33.0","1.0","0.0","19928","90.0","C78","Q"
"76","0.0","3.0","Moen, Mr. Sigurd Hansen","male","25.0","0.0","0.0","348123","7.65","F G73","S"
"420","0.0","3.0","Van Impe, Miss. Catharina","female","10.0","0.0","2.0","345773","24.15",,"S"
"85","1.0","2.0","Ilett, Miss. Bertha","female","17.0","0.0","0.0","SO/C 14885","10.5",,"S"
"421","0.0","3.0","Gheorgheff, Mr. Stanio","male",,"0.0","0.0","349254","7.8958",,"C"
"87","0.0","3.0","Ford, Mr. William Neal","male","16.0","1.0","3.0","W./C. 6608","34.375",,"S"
"423","0.0","3.0","Zimmerman, Mr. Leo","male","29.0","0.0","0.0","315082","7.875",,"S"
"9","1.0","3.0","Johnson, Mrs. Oscar W (Elisabeth Vilhelmina Berg)","female","27.0","0.0","2.0","347742","11.1333",,"S"
"43","0.0","3.0","Kraeff, Mr. Theodor","male",,"0.0","0.0","349253","7.8958",,"C"
"93","0.0","1.0","Chaffee, Mr. Herbert Fuller","male","46.0","1.0","0.0","W.E.P. 5734","61.175","E31","S"
"430","1.0","3.0","Pickard, Mr. Berk (Berk Trembisky)","male","32.0","0.0","0.0","SOTON/O.Q. 392078","8.05","E10","S"
"99","1.0","2.0","Doling, Mrs. John T (Ada Julia Bone)","female","34.0","0.0","1.0","231919","23.0",,"S"
"438","1.0","2.0","Richards, Mrs. Sidney (Emily Hocking)","female","24.0","2.0","3.0","29106","18.75",,"S"
"444","1.0","2.0","Reynaldo, Ms. Encarnacion","female","28.0","0.0","0.0","230434","13.0",,"S"
"49","0.0","3.0","Samaan, Mr. Youssef","male",,"2.0","0.0","2662","21.6792",,"C"
"59","1.0","2.0","West, Miss. Constance Mirium","female","5.0","1.0","2.0","C.A. 34651","27.75",,"S"
"61","0.0","3.0","Sirayanian, Mr. Orsen","male","22.0","0.0","0.0","2669","7.2292",,"C"
"67","1.0","2.0","Nye, Mrs. (Elizabeth Ramell)","female","29.0","0.0","0.0","C.A. 29395","10.5","F33","S"
"71","0.0","2.0","Jenkin, Mr. Stephen Curnow","male","32.0","0.0","0.0","C.A. 33111","10.5",,"S"
"80","1.0","3.0","Dowdell, Miss. Elizabeth","female","30.0","0.0","0.0","364516","12.475",,"S"
"82","1.0","3.0","Sheerlinck, Mr. Jan Baptist","male","29.0","0.0","0.0","345779","9.5",,"S"
"90","0.0","3.0","Celotti, Mr. Francesco","male","24.0","0.0","0.0","343275","8.05",,"S"
"91","0.0","3.0","Christmann, Mr. Emil","male","29.0","0.0","0.0","343276","8.05",,"S"
